P_Username,P_Password,P_FirstName,P_LastName,P_Email,
testuser2,Test@1234,Test2,User2,testuser2@test.com,
testuser3,Test@1234,Test3,User3,testuser3@test.com,
testuser4,Test@1234,Test4,User4,testuser4@test.com,
testuser5,Test@1234,Test5,User5,testuser5@test.com,
testuser6,Test@1234,Test6,User6,testuser6@test.com,
testuser7,Test@1234,Test7,User7,testuser7@test.com,
testuser8,Test@1234,Test8,User8,testuser8@test.com,
testuser9,Test@1234,Test9,User9,testuser9@test.com,
testuser10,Test@1234,Test10,User10,testuser10@test.com,
testuser11,Test@1234,Test11,User11,testuser11@test.com,
testuser12,Test@1234,Test12,User12,testuser12@test.com,
testuser13,Test@1234,Test13,User13,testuser13@test.com,
testuser14,Test@1234,Test14,User14,testuser14@test.com,
testuser15,Test@1234,Test15,User15,testuser15@test.com,
testuser16,Test@1234,Test16,User16,testuser16@test.com,
testuser17,Test@1234,Test17,User17,testuser17@test.com,
testuser18,Test@1234,Test18,User18,testuser18@test.com,
testuser19,Test@1234,Test19,User19,testuser19@test.com,
testuser20,Test@1234,Test20,User20,testuser20@test.com,
testuser21,Test@1234,Test21,User21,testuser21@test.com,
testuser22,Test@1234,Test22,User22,testuser22@test.com,
testuser23,Test@1234,Test23,User23,testuser23@test.com,
testuser24,Test@1234,Test24,User24,testuser24@test.com,
testuser25,Test@1234,Test25,User25,testuser25@test.com,
testuser26,Test@1234,Test26,User26,testuser26@test.com,
testuser27,Test@1234,Test27,User27,testuser27@test.com,
testuser28,Test@1234,Test28,User28,testuser28@test.com,
testuser29,Test@1234,Test29,User29,testuser29@test.com,
testuser30,Test@1234,Test30,User30,testuser30@test.com,
testuser31,Test@1234,Test31,User31,testuser31@test.com,
testuser32,Test@1234,Test32,User32,testuser32@test.com,
testuser33,Test@1234,Test33,User33,testuser33@test.com,
testuser34,Test@1234,Test34,User34,testuser34@test.com,
testuser35,Test@1234,Test35,User35,testuser35@test.com,
testuser36,Test@1234,Test36,User36,testuser36@test.com,
testuser37,Test@1234,Test37,User37,testuser37@test.com,
testuser38,Test@1234,Test38,User38,testuser38@test.com,
testuser39,Test@1234,Test39,User39,testuser39@test.com,
testuser40,Test@1234,Test40,User40,testuser40@test.com,
testuser41,Test@1234,Test41,User41,testuser41@test.com,
testuser42,Test@1234,Test42,User42,testuser42@test.com,
testuser43,Test@1234,Test43,User43,testuser43@test.com,
testuser44,Test@1234,Test44,User44,testuser44@test.com,
testuser45,Test@1234,Test45,User45,testuser45@test.com,
testuser46,Test@1234,Test46,User46,testuser46@test.com,
testuser47,Test@1234,Test47,User47,testuser47@test.com,
testuser48,Test@1234,Test48,User48,testuser48@test.com,
testuser49,Test@1234,Test49,User49,testuser49@test.com,
testuser50,Test@1234,Test50,User50,testuser50@test.com,
testuser51,Test@1234,Test51,User51,testuser51@test.com,
testuser52,Test@1234,Test52,User52,testuser52@test.com,
testuser53,Test@1234,Test53,User53,testuser53@test.com,
testuser54,Test@1234,Test54,User54,testuser54@test.com,
testuser55,Test@1234,Test55,User55,testuser55@test.com,
testuser56,Test@1234,Test56,User56,testuser56@test.com,
testuser57,Test@1234,Test57,User57,testuser57@test.com,
testuser58,Test@1234,Test58,User58,testuser58@test.com,
testuser59,Test@1234,Test59,User59,testuser59@test.com,
testuser60,Test@1234,Test60,User60,testuser60@test.com,
testuser61,Test@1234,Test61,User61,testuser61@test.com,
testuser62,Test@1234,Test62,User62,testuser62@test.com,
testuser63,Test@1234,Test63,User63,testuser63@test.com,
testuser64,Test@1234,Test64,User64,testuser64@test.com,
testuser65,Test@1234,Test65,User65,testuser65@test.com,
testuser66,Test@1234,Test66,User66,testuser66@test.com,
testuser67,Test@1234,Test67,User67,testuser67@test.com,
testuser68,Test@1234,Test68,User68,testuser68@test.com,
testuser69,Test@1234,Test69,User69,testuser69@test.com,
testuser70,Test@1234,Test70,User70,testuser70@test.com,
testuser71,Test@1234,Test71,User71,testuser71@test.com,
testuser72,Test@1234,Test72,User72,testuser72@test.com,
testuser73,Test@1234,Test73,User73,testuser73@test.com,
testuser74,Test@1234,Test74,User74,testuser74@test.com,
testuser75,Test@1234,Test75,User75,testuser75@test.com,
testuser76,Test@1234,Test76,User76,testuser76@test.com,
testuser77,Test@1234,Test77,User77,testuser77@test.com,
testuser78,Test@1234,Test78,User78,testuser78@test.com,
testuser79,Test@1234,Test79,User79,testuser79@test.com,
testuser80,Test@1234,Test80,User80,testuser80@test.com,
testuser81,Test@1234,Test81,User81,testuser81@test.com,
testuser82,Test@1234,Test82,User82,testuser82@test.com,
testuser83,Test@1234,Test83,User83,testuser83@test.com,
testuser84,Test@1234,Test84,User84,testuser84@test.com,
testuser85,Test@1234,Test85,User85,testuser85@test.com,
testuser86,Test@1234,Test86,User86,testuser86@test.com,
testuser87,Test@1234,Test87,User87,testuser87@test.com,
testuser88,Test@1234,Test88,User88,testuser88@test.com,
testuser89,Test@1234,Test89,User89,testuser89@test.com,
testuser90,Test@1234,Test90,User90,testuser90@test.com,
testuser91,Test@1234,Test91,User91,testuser91@test.com,
testuser92,Test@1234,Test92,User92,testuser92@test.com,
testuser93,Test@1234,Test93,User93,testuser93@test.com,
testuser94,Test@1234,Test94,User94,testuser94@test.com,
testuser95,Test@1234,Test95,User95,testuser95@test.com,
testuser96,Test@1234,Test96,User96,testuser96@test.com,
testuser97,Test@1234,Test97,User97,testuser97@test.com,
testuser98,Test@1234,Test98,User98,testuser98@test.com,
testuser99,Test@1234,Test99,User99,testuser99@test.com,
testuser100,Test@1234,Test100,User100,testuser100@test.com,
testuser101,Test@1234,Test101,User101,testuser101@test.com,
testuser102,Test@1234,Test102,User102,testuser102@test.com,
testuser103,Test@1234,Test103,User103,testuser103@test.com,
testuser104,Test@1234,Test104,User104,testuser104@test.com,
testuser105,Test@1234,Test105,User105,testuser105@test.com,
testuser106,Test@1234,Test106,User106,testuser106@test.com,
testuser107,Test@1234,Test107,User107,testuser107@test.com,
testuser108,Test@1234,Test108,User108,testuser108@test.com,
testuser109,Test@1234,Test109,User109,testuser109@test.com,
testuser110,Test@1234,Test110,User110,testuser110@test.com,
testuser111,Test@1234,Test111,User111,testuser111@test.com,
testuser112,Test@1234,Test112,User112,testuser112@test.com,
testuser113,Test@1234,Test113,User113,testuser113@test.com,
testuser114,Test@1234,Test114,User114,testuser114@test.com,
testuser115,Test@1234,Test115,User115,testuser115@test.com,
testuser116,Test@1234,Test116,User116,testuser116@test.com,
testuser117,Test@1234,Test117,User117,testuser117@test.com,
testuser118,Test@1234,Test118,User118,testuser118@test.com,
testuser119,Test@1234,Test119,User119,testuser119@test.com,
testuser120,Test@1234,Test120,User120,testuser120@test.com,
testuser121,Test@1234,Test121,User121,testuser121@test.com,
testuser122,Test@1234,Test122,User122,testuser122@test.com,
testuser123,Test@1234,Test123,User123,testuser123@test.com,
testuser124,Test@1234,Test124,User124,testuser124@test.com,
testuser125,Test@1234,Test125,User125,testuser125@test.com,
testuser126,Test@1234,Test126,User126,testuser126@test.com,
testuser127,Test@1234,Test127,User127,testuser127@test.com,
testuser128,Test@1234,Test128,User128,testuser128@test.com,
testuser129,Test@1234,Test129,User129,testuser129@test.com,
testuser130,Test@1234,Test130,User130,testuser130@test.com,
testuser131,Test@1234,Test131,User131,testuser131@test.com,
testuser132,Test@1234,Test132,User132,testuser132@test.com,
testuser133,Test@1234,Test133,User133,testuser133@test.com,
testuser134,Test@1234,Test134,User134,testuser134@test.com,
testuser135,Test@1234,Test135,User135,testuser135@test.com,
testuser136,Test@1234,Test136,User136,testuser136@test.com,
testuser137,Test@1234,Test137,User137,testuser137@test.com,
testuser138,Test@1234,Test138,User138,testuser138@test.com,
testuser139,Test@1234,Test139,User139,testuser139@test.com,
testuser140,Test@1234,Test140,User140,testuser140@test.com,
testuser141,Test@1234,Test141,User141,testuser141@test.com,
testuser142,Test@1234,Test142,User142,testuser142@test.com,
testuser143,Test@1234,Test143,User143,testuser143@test.com,
testuser144,Test@1234,Test144,User144,testuser144@test.com,
testuser145,Test@1234,Test145,User145,testuser145@test.com,
testuser146,Test@1234,Test146,User146,testuser146@test.com,
testuser147,Test@1234,Test147,User147,testuser147@test.com,
testuser148,Test@1234,Test148,User148,testuser148@test.com,
testuser149,Test@1234,Test149,User149,testuser149@test.com,
testuser150,Test@1234,Test150,User150,testuser150@test.com,
testuser151,Test@1234,Test151,User151,testuser151@test.com,
testuser152,Test@1234,Test152,User152,testuser152@test.com,
testuser153,Test@1234,Test153,User153,testuser153@test.com,
testuser154,Test@1234,Test154,User154,testuser154@test.com,
testuser155,Test@1234,Test155,User155,testuser155@test.com,
testuser156,Test@1234,Test156,User156,testuser156@test.com,
testuser157,Test@1234,Test157,User157,testuser157@test.com,
testuser158,Test@1234,Test158,User158,testuser158@test.com,
testuser159,Test@1234,Test159,User159,testuser159@test.com,
testuser160,Test@1234,Test160,User160,testuser160@test.com,
testuser161,Test@1234,Test161,User161,testuser161@test.com,
testuser162,Test@1234,Test162,User162,testuser162@test.com,
testuser163,Test@1234,Test163,User163,testuser163@test.com,
testuser164,Test@1234,Test164,User164,testuser164@test.com,
testuser165,Test@1234,Test165,User165,testuser165@test.com,
testuser166,Test@1234,Test166,User166,testuser166@test.com,
testuser167,Test@1234,Test167,User167,testuser167@test.com,
testuser168,Test@1234,Test168,User168,testuser168@test.com,
testuser169,Test@1234,Test169,User169,testuser169@test.com,
testuser170,Test@1234,Test170,User170,testuser170@test.com,
testuser171,Test@1234,Test171,User171,testuser171@test.com,
testuser172,Test@1234,Test172,User172,testuser172@test.com,
testuser173,Test@1234,Test173,User173,testuser173@test.com,
testuser174,Test@1234,Test174,User174,testuser174@test.com,
testuser175,Test@1234,Test175,User175,testuser175@test.com,
testuser176,Test@1234,Test176,User176,testuser176@test.com,
testuser177,Test@1234,Test177,User177,testuser177@test.com,
testuser178,Test@1234,Test178,User178,testuser178@test.com,
testuser179,Test@1234,Test179,User179,testuser179@test.com,
testuser180,Test@1234,Test180,User180,testuser180@test.com,
testuser181,Test@1234,Test181,User181,testuser181@test.com,
testuser182,Test@1234,Test182,User182,testuser182@test.com,
testuser183,Test@1234,Test183,User183,testuser183@test.com,
testuser184,Test@1234,Test184,User184,testuser184@test.com,
testuser185,Test@1234,Test185,User185,testuser185@test.com,
testuser186,Test@1234,Test186,User186,testuser186@test.com,
testuser187,Test@1234,Test187,User187,testuser187@test.com,
testuser188,Test@1234,Test188,User188,testuser188@test.com,
testuser189,Test@1234,Test189,User189,testuser189@test.com,
testuser190,Test@1234,Test190,User190,testuser190@test.com,
testuser191,Test@1234,Test191,User191,testuser191@test.com,
testuser192,Test@1234,Test192,User192,testuser192@test.com,
testuser193,Test@1234,Test193,User193,testuser193@test.com,
testuser194,Test@1234,Test194,User194,testuser194@test.com,
testuser195,Test@1234,Test195,User195,testuser195@test.com,
testuser196,Test@1234,Test196,User196,testuser196@test.com,
testuser197,Test@1234,Test197,User197,testuser197@test.com,
testuser198,Test@1234,Test198,User198,testuser198@test.com,
testuser199,Test@1234,Test199,User199,testuser199@test.com,
testuser200,Test@1234,Test200,User200,testuser200@test.com,
testuser201,Test@1234,Test201,User201,testuser201@test.com,
testuser202,Test@1234,Test202,User202,testuser202@test.com,
testuser203,Test@1234,Test203,User203,testuser203@test.com,
testuser204,Test@1234,Test204,User204,testuser204@test.com,
testuser205,Test@1234,Test205,User205,testuser205@test.com,
testuser206,Test@1234,Test206,User206,testuser206@test.com,
testuser207,Test@1234,Test207,User207,testuser207@test.com,
testuser208,Test@1234,Test208,User208,testuser208@test.com,
testuser209,Test@1234,Test209,User209,testuser209@test.com,
testuser210,Test@1234,Test210,User210,testuser210@test.com,
testuser211,Test@1234,Test211,User211,testuser211@test.com,
testuser212,Test@1234,Test212,User212,testuser212@test.com,
testuser213,Test@1234,Test213,User213,testuser213@test.com,
testuser214,Test@1234,Test214,User214,testuser214@test.com,
testuser215,Test@1234,Test215,User215,testuser215@test.com,
testuser216,Test@1234,Test216,User216,testuser216@test.com,
testuser217,Test@1234,Test217,User217,testuser217@test.com,
testuser218,Test@1234,Test218,User218,testuser218@test.com,
testuser219,Test@1234,Test219,User219,testuser219@test.com,
testuser220,Test@1234,Test220,User220,testuser220@test.com,
testuser221,Test@1234,Test221,User221,testuser221@test.com,
testuser222,Test@1234,Test222,User222,testuser222@test.com,
testuser223,Test@1234,Test223,User223,testuser223@test.com,
testuser224,Test@1234,Test224,User224,testuser224@test.com,
testuser225,Test@1234,Test225,User225,testuser225@test.com,
testuser226,Test@1234,Test226,User226,testuser226@test.com,
testuser227,Test@1234,Test227,User227,testuser227@test.com,
testuser228,Test@1234,Test228,User228,testuser228@test.com,
testuser229,Test@1234,Test229,User229,testuser229@test.com,
testuser230,Test@1234,Test230,User230,testuser230@test.com,
testuser231,Test@1234,Test231,User231,testuser231@test.com,
testuser232,Test@1234,Test232,User232,testuser232@test.com,
testuser233,Test@1234,Test233,User233,testuser233@test.com,
testuser234,Test@1234,Test234,User234,testuser234@test.com,
testuser235,Test@1234,Test235,User235,testuser235@test.com,
testuser236,Test@1234,Test236,User236,testuser236@test.com,
testuser237,Test@1234,Test237,User237,testuser237@test.com,
testuser238,Test@1234,Test238,User238,testuser238@test.com,
testuser239,Test@1234,Test239,User239,testuser239@test.com,
testuser240,Test@1234,Test240,User240,testuser240@test.com,
testuser241,Test@1234,Test241,User241,testuser241@test.com,
testuser242,Test@1234,Test242,User242,testuser242@test.com,
testuser243,Test@1234,Test243,User243,testuser243@test.com,
testuser244,Test@1234,Test244,User244,testuser244@test.com,
testuser245,Test@1234,Test245,User245,testuser245@test.com,
testuser246,Test@1234,Test246,User246,testuser246@test.com,
testuser247,Test@1234,Test247,User247,testuser247@test.com,
testuser248,Test@1234,Test248,User248,testuser248@test.com,
testuser249,Test@1234,Test249,User249,testuser249@test.com,
testuser250,Test@1234,Test250,User250,testuser250@test.com,
testuser251,Test@1234,Test251,User251,testuser251@test.com,
testuser252,Test@1234,Test252,User252,testuser252@test.com,
testuser253,Test@1234,Test253,User253,testuser253@test.com,
testuser254,Test@1234,Test254,User254,testuser254@test.com,
testuser255,Test@1234,Test255,User255,testuser255@test.com,
testuser256,Test@1234,Test256,User256,testuser256@test.com,
testuser257,Test@1234,Test257,User257,testuser257@test.com,
testuser258,Test@1234,Test258,User258,testuser258@test.com,
testuser259,Test@1234,Test259,User259,testuser259@test.com,
testuser260,Test@1234,Test260,User260,testuser260@test.com,
testuser261,Test@1234,Test261,User261,testuser261@test.com,
testuser262,Test@1234,Test262,User262,testuser262@test.com,
testuser263,Test@1234,Test263,User263,testuser263@test.com,
testuser264,Test@1234,Test264,User264,testuser264@test.com,
testuser265,Test@1234,Test265,User265,testuser265@test.com,
testuser266,Test@1234,Test266,User266,testuser266@test.com,
testuser267,Test@1234,Test267,User267,testuser267@test.com,
testuser268,Test@1234,Test268,User268,testuser268@test.com,
testuser269,Test@1234,Test269,User269,testuser269@test.com,
testuser270,Test@1234,Test270,User270,testuser270@test.com,
testuser271,Test@1234,Test271,User271,testuser271@test.com,
testuser272,Test@1234,Test272,User272,testuser272@test.com,
testuser273,Test@1234,Test273,User273,testuser273@test.com,
testuser274,Test@1234,Test274,User274,testuser274@test.com,
testuser275,Test@1234,Test275,User275,testuser275@test.com,
testuser276,Test@1234,Test276,User276,testuser276@test.com,
testuser277,Test@1234,Test277,User277,testuser277@test.com,
testuser278,Test@1234,Test278,User278,testuser278@test.com,
testuser279,Test@1234,Test279,User279,testuser279@test.com,
testuser280,Test@1234,Test280,User280,testuser280@test.com,
testuser281,Test@1234,Test281,User281,testuser281@test.com,
testuser282,Test@1234,Test282,User282,testuser282@test.com,
testuser283,Test@1234,Test283,User283,testuser283@test.com,
testuser284,Test@1234,Test284,User284,testuser284@test.com,
testuser285,Test@1234,Test285,User285,testuser285@test.com,
testuser286,Test@1234,Test286,User286,testuser286@test.com,
testuser287,Test@1234,Test287,User287,testuser287@test.com,
testuser288,Test@1234,Test288,User288,testuser288@test.com,
testuser289,Test@1234,Test289,User289,testuser289@test.com,
testuser290,Test@1234,Test290,User290,testuser290@test.com,
testuser291,Test@1234,Test291,User291,testuser291@test.com,
testuser292,Test@1234,Test292,User292,testuser292@test.com,
testuser293,Test@1234,Test293,User293,testuser293@test.com,
testuser294,Test@1234,Test294,User294,testuser294@test.com,
testuser295,Test@1234,Test295,User295,testuser295@test.com,
testuser296,Test@1234,Test296,User296,testuser296@test.com,
testuser297,Test@1234,Test297,User297,testuser297@test.com,
testuser298,Test@1234,Test298,User298,testuser298@test.com,
testuser299,Test@1234,Test299,User299,testuser299@test.com,
testuser300,Test@1234,Test300,User300,testuser300@test.com,
testuser301,Test@1234,Test301,User301,testuser301@test.com,
testuser302,Test@1234,Test302,User302,testuser302@test.com,
testuser303,Test@1234,Test303,User303,testuser303@test.com,
testuser304,Test@1234,Test304,User304,testuser304@test.com,
testuser305,Test@1234,Test305,User305,testuser305@test.com,
testuser306,Test@1234,Test306,User306,testuser306@test.com,
testuser307,Test@1234,Test307,User307,testuser307@test.com,
testuser308,Test@1234,Test308,User308,testuser308@test.com,
testuser309,Test@1234,Test309,User309,testuser309@test.com,
testuser310,Test@1234,Test310,User310,testuser310@test.com,
testuser311,Test@1234,Test311,User311,testuser311@test.com,
testuser312,Test@1234,Test312,User312,testuser312@test.com,
testuser313,Test@1234,Test313,User313,testuser313@test.com,
testuser314,Test@1234,Test314,User314,testuser314@test.com,
testuser315,Test@1234,Test315,User315,testuser315@test.com,
testuser316,Test@1234,Test316,User316,testuser316@test.com,
testuser317,Test@1234,Test317,User317,testuser317@test.com,
testuser318,Test@1234,Test318,User318,testuser318@test.com,
testuser319,Test@1234,Test319,User319,testuser319@test.com,
testuser320,Test@1234,Test320,User320,testuser320@test.com,
testuser321,Test@1234,Test321,User321,testuser321@test.com,
testuser322,Test@1234,Test322,User322,testuser322@test.com,
testuser323,Test@1234,Test323,User323,testuser323@test.com,
testuser324,Test@1234,Test324,User324,testuser324@test.com,
testuser325,Test@1234,Test325,User325,testuser325@test.com,
testuser326,Test@1234,Test326,User326,testuser326@test.com,
testuser327,Test@1234,Test327,User327,testuser327@test.com,
testuser328,Test@1234,Test328,User328,testuser328@test.com,
testuser329,Test@1234,Test329,User329,testuser329@test.com,
testuser330,Test@1234,Test330,User330,testuser330@test.com,
testuser331,Test@1234,Test331,User331,testuser331@test.com,
testuser332,Test@1234,Test332,User332,testuser332@test.com,
testuser333,Test@1234,Test333,User333,testuser333@test.com,
testuser334,Test@1234,Test334,User334,testuser334@test.com,
testuser335,Test@1234,Test335,User335,testuser335@test.com,
testuser336,Test@1234,Test336,User336,testuser336@test.com,
testuser337,Test@1234,Test337,User337,testuser337@test.com,
testuser338,Test@1234,Test338,User338,testuser338@test.com,
testuser339,Test@1234,Test339,User339,testuser339@test.com,
testuser340,Test@1234,Test340,User340,testuser340@test.com,
testuser341,Test@1234,Test341,User341,testuser341@test.com,
testuser342,Test@1234,Test342,User342,testuser342@test.com,
testuser343,Test@1234,Test343,User343,testuser343@test.com,
testuser344,Test@1234,Test344,User344,testuser344@test.com,
testuser345,Test@1234,Test345,User345,testuser345@test.com,
testuser346,Test@1234,Test346,User346,testuser346@test.com,
testuser347,Test@1234,Test347,User347,testuser347@test.com,
testuser348,Test@1234,Test348,User348,testuser348@test.com,
testuser349,Test@1234,Test349,User349,testuser349@test.com,
testuser350,Test@1234,Test350,User350,testuser350@test.com,
testuser351,Test@1234,Test351,User351,testuser351@test.com,
testuser352,Test@1234,Test352,User352,testuser352@test.com,
testuser353,Test@1234,Test353,User353,testuser353@test.com,
testuser354,Test@1234,Test354,User354,testuser354@test.com,
testuser355,Test@1234,Test355,User355,testuser355@test.com,
testuser356,Test@1234,Test356,User356,testuser356@test.com,
testuser357,Test@1234,Test357,User357,testuser357@test.com,
testuser358,Test@1234,Test358,User358,testuser358@test.com,
testuser359,Test@1234,Test359,User359,testuser359@test.com,
testuser360,Test@1234,Test360,User360,testuser360@test.com,
testuser361,Test@1234,Test361,User361,testuser361@test.com,
testuser362,Test@1234,Test362,User362,testuser362@test.com,
testuser363,Test@1234,Test363,User363,testuser363@test.com,
testuser364,Test@1234,Test364,User364,testuser364@test.com,
testuser365,Test@1234,Test365,User365,testuser365@test.com,
testuser366,Test@1234,Test366,User366,testuser366@test.com,
testuser367,Test@1234,Test367,User367,testuser367@test.com,
testuser368,Test@1234,Test368,User368,testuser368@test.com,
testuser369,Test@1234,Test369,User369,testuser369@test.com,
testuser370,Test@1234,Test370,User370,testuser370@test.com,
testuser371,Test@1234,Test371,User371,testuser371@test.com,
testuser372,Test@1234,Test372,User372,testuser372@test.com,
testuser373,Test@1234,Test373,User373,testuser373@test.com,
testuser374,Test@1234,Test374,User374,testuser374@test.com,
testuser375,Test@1234,Test375,User375,testuser375@test.com,
testuser376,Test@1234,Test376,User376,testuser376@test.com,
testuser377,Test@1234,Test377,User377,testuser377@test.com,
testuser378,Test@1234,Test378,User378,testuser378@test.com,
testuser379,Test@1234,Test379,User379,testuser379@test.com,
testuser380,Test@1234,Test380,User380,testuser380@test.com,
testuser381,Test@1234,Test381,User381,testuser381@test.com,
testuser382,Test@1234,Test382,User382,testuser382@test.com,
testuser383,Test@1234,Test383,User383,testuser383@test.com,
testuser384,Test@1234,Test384,User384,testuser384@test.com,
testuser385,Test@1234,Test385,User385,testuser385@test.com,
testuser386,Test@1234,Test386,User386,testuser386@test.com,
testuser387,Test@1234,Test387,User387,testuser387@test.com,
testuser388,Test@1234,Test388,User388,testuser388@test.com,
testuser389,Test@1234,Test389,User389,testuser389@test.com,
testuser390,Test@1234,Test390,User390,testuser390@test.com,
testuser391,Test@1234,Test391,User391,testuser391@test.com,
testuser392,Test@1234,Test392,User392,testuser392@test.com,
testuser393,Test@1234,Test393,User393,testuser393@test.com,
testuser394,Test@1234,Test394,User394,testuser394@test.com,
testuser395,Test@1234,Test395,User395,testuser395@test.com,
testuser396,Test@1234,Test396,User396,testuser396@test.com,
testuser397,Test@1234,Test397,User397,testuser397@test.com,
testuser398,Test@1234,Test398,User398,testuser398@test.com,
testuser399,Test@1234,Test399,User399,testuser399@test.com,
testuser400,Test@1234,Test400,User400,testuser400@test.com,
testuser401,Test@1234,Test401,User401,testuser401@test.com,
testuser402,Test@1234,Test402,User402,testuser402@test.com,
testuser403,Test@1234,Test403,User403,testuser403@test.com,
testuser404,Test@1234,Test404,User404,testuser404@test.com,
testuser405,Test@1234,Test405,User405,testuser405@test.com,
testuser406,Test@1234,Test406,User406,testuser406@test.com,
testuser407,Test@1234,Test407,User407,testuser407@test.com,
testuser408,Test@1234,Test408,User408,testuser408@test.com,
testuser409,Test@1234,Test409,User409,testuser409@test.com,
testuser410,Test@1234,Test410,User410,testuser410@test.com,
testuser411,Test@1234,Test411,User411,testuser411@test.com,
testuser412,Test@1234,Test412,User412,testuser412@test.com,
testuser413,Test@1234,Test413,User413,testuser413@test.com,
testuser414,Test@1234,Test414,User414,testuser414@test.com,
testuser415,Test@1234,Test415,User415,testuser415@test.com,
testuser416,Test@1234,Test416,User416,testuser416@test.com,
testuser417,Test@1234,Test417,User417,testuser417@test.com,
testuser418,Test@1234,Test418,User418,testuser418@test.com,
testuser419,Test@1234,Test419,User419,testuser419@test.com,
testuser420,Test@1234,Test420,User420,testuser420@test.com,
testuser421,Test@1234,Test421,User421,testuser421@test.com,
testuser422,Test@1234,Test422,User422,testuser422@test.com,
testuser423,Test@1234,Test423,User423,testuser423@test.com,
testuser424,Test@1234,Test424,User424,testuser424@test.com,
testuser425,Test@1234,Test425,User425,testuser425@test.com,
testuser426,Test@1234,Test426,User426,testuser426@test.com,
testuser427,Test@1234,Test427,User427,testuser427@test.com,
testuser428,Test@1234,Test428,User428,testuser428@test.com,
testuser429,Test@1234,Test429,User429,testuser429@test.com,
testuser430,Test@1234,Test430,User430,testuser430@test.com,
testuser431,Test@1234,Test431,User431,testuser431@test.com,
testuser432,Test@1234,Test432,User432,testuser432@test.com,
testuser433,Test@1234,Test433,User433,testuser433@test.com,
testuser434,Test@1234,Test434,User434,testuser434@test.com,
testuser435,Test@1234,Test435,User435,testuser435@test.com,
testuser436,Test@1234,Test436,User436,testuser436@test.com,
testuser437,Test@1234,Test437,User437,testuser437@test.com,
testuser438,Test@1234,Test438,User438,testuser438@test.com,
testuser439,Test@1234,Test439,User439,testuser439@test.com,
testuser440,Test@1234,Test440,User440,testuser440@test.com,
testuser441,Test@1234,Test441,User441,testuser441@test.com,
testuser442,Test@1234,Test442,User442,testuser442@test.com,
testuser443,Test@1234,Test443,User443,testuser443@test.com,
testuser444,Test@1234,Test444,User444,testuser444@test.com,
testuser445,Test@1234,Test445,User445,testuser445@test.com,
testuser446,Test@1234,Test446,User446,testuser446@test.com,
testuser447,Test@1234,Test447,User447,testuser447@test.com,
testuser448,Test@1234,Test448,User448,testuser448@test.com,
testuser449,Test@1234,Test449,User449,testuser449@test.com,
testuser450,Test@1234,Test450,User450,testuser450@test.com,
testuser451,Test@1234,Test451,User451,testuser451@test.com,
testuser452,Test@1234,Test452,User452,testuser452@test.com,
testuser453,Test@1234,Test453,User453,testuser453@test.com,
testuser454,Test@1234,Test454,User454,testuser454@test.com,
testuser455,Test@1234,Test455,User455,testuser455@test.com,
testuser456,Test@1234,Test456,User456,testuser456@test.com,
testuser457,Test@1234,Test457,User457,testuser457@test.com,
testuser458,Test@1234,Test458,User458,testuser458@test.com,
testuser459,Test@1234,Test459,User459,testuser459@test.com,
testuser460,Test@1234,Test460,User460,testuser460@test.com,
testuser461,Test@1234,Test461,User461,testuser461@test.com,
testuser462,Test@1234,Test462,User462,testuser462@test.com,
testuser463,Test@1234,Test463,User463,testuser463@test.com,
testuser464,Test@1234,Test464,User464,testuser464@test.com,
testuser465,Test@1234,Test465,User465,testuser465@test.com,
testuser466,Test@1234,Test466,User466,testuser466@test.com,
testuser467,Test@1234,Test467,User467,testuser467@test.com,
testuser468,Test@1234,Test468,User468,testuser468@test.com,
testuser469,Test@1234,Test469,User469,testuser469@test.com,
testuser470,Test@1234,Test470,User470,testuser470@test.com,
testuser471,Test@1234,Test471,User471,testuser471@test.com,
testuser472,Test@1234,Test472,User472,testuser472@test.com,
testuser473,Test@1234,Test473,User473,testuser473@test.com,
testuser474,Test@1234,Test474,User474,testuser474@test.com,
testuser475,Test@1234,Test475,User475,testuser475@test.com,
testuser476,Test@1234,Test476,User476,testuser476@test.com,
testuser477,Test@1234,Test477,User477,testuser477@test.com,
testuser478,Test@1234,Test478,User478,testuser478@test.com,
testuser479,Test@1234,Test479,User479,testuser479@test.com,
testuser480,Test@1234,Test480,User480,testuser480@test.com,
testuser481,Test@1234,Test481,User481,testuser481@test.com,
testuser482,Test@1234,Test482,User482,testuser482@test.com,
testuser483,Test@1234,Test483,User483,testuser483@test.com,
testuser484,Test@1234,Test484,User484,testuser484@test.com,
testuser485,Test@1234,Test485,User485,testuser485@test.com,
testuser486,Test@1234,Test486,User486,testuser486@test.com,
testuser487,Test@1234,Test487,User487,testuser487@test.com,
testuser488,Test@1234,Test488,User488,testuser488@test.com,
testuser489,Test@1234,Test489,User489,testuser489@test.com,
testuser490,Test@1234,Test490,User490,testuser490@test.com,
testuser491,Test@1234,Test491,User491,testuser491@test.com,
testuser492,Test@1234,Test492,User492,testuser492@test.com,
testuser493,Test@1234,Test493,User493,testuser493@test.com,
testuser494,Test@1234,Test494,User494,testuser494@test.com,
testuser495,Test@1234,Test495,User495,testuser495@test.com,
testuser496,Test@1234,Test496,User496,testuser496@test.com,
testuser497,Test@1234,Test497,User497,testuser497@test.com,
testuser498,Test@1234,Test498,User498,testuser498@test.com,
testuser499,Test@1234,Test499,User499,testuser499@test.com,
testuser500,Test@1234,Test500,User500,testuser500@test.com,
testuser501,Test@1234,Test501,User501,testuser501@test.com,
testuser502,Test@1234,Test502,User502,testuser502@test.com,
testuser503,Test@1234,Test503,User503,testuser503@test.com,
testuser504,Test@1234,Test504,User504,testuser504@test.com,
testuser505,Test@1234,Test505,User505,testuser505@test.com,
testuser506,Test@1234,Test506,User506,testuser506@test.com,
testuser507,Test@1234,Test507,User507,testuser507@test.com,
testuser508,Test@1234,Test508,User508,testuser508@test.com,
testuser509,Test@1234,Test509,User509,testuser509@test.com,
testuser510,Test@1234,Test510,User510,testuser510@test.com,
testuser511,Test@1234,Test511,User511,testuser511@test.com,
testuser512,Test@1234,Test512,User512,testuser512@test.com,
testuser513,Test@1234,Test513,User513,testuser513@test.com,
testuser514,Test@1234,Test514,User514,testuser514@test.com,
testuser515,Test@1234,Test515,User515,testuser515@test.com,
testuser516,Test@1234,Test516,User516,testuser516@test.com,
testuser517,Test@1234,Test517,User517,testuser517@test.com,
testuser518,Test@1234,Test518,User518,testuser518@test.com,
testuser519,Test@1234,Test519,User519,testuser519@test.com,
testuser520,Test@1234,Test520,User520,testuser520@test.com,
testuser521,Test@1234,Test521,User521,testuser521@test.com,
testuser522,Test@1234,Test522,User522,testuser522@test.com,
testuser523,Test@1234,Test523,User523,testuser523@test.com,
testuser524,Test@1234,Test524,User524,testuser524@test.com,
testuser525,Test@1234,Test525,User525,testuser525@test.com,
testuser526,Test@1234,Test526,User526,testuser526@test.com,
testuser527,Test@1234,Test527,User527,testuser527@test.com,
testuser528,Test@1234,Test528,User528,testuser528@test.com,
testuser529,Test@1234,Test529,User529,testuser529@test.com,
testuser530,Test@1234,Test530,User530,testuser530@test.com,
testuser531,Test@1234,Test531,User531,testuser531@test.com,
testuser532,Test@1234,Test532,User532,testuser532@test.com,
testuser533,Test@1234,Test533,User533,testuser533@test.com,
testuser534,Test@1234,Test534,User534,testuser534@test.com,
testuser535,Test@1234,Test535,User535,testuser535@test.com,
testuser536,Test@1234,Test536,User536,testuser536@test.com,
testuser537,Test@1234,Test537,User537,testuser537@test.com,
testuser538,Test@1234,Test538,User538,testuser538@test.com,
testuser539,Test@1234,Test539,User539,testuser539@test.com,
testuser540,Test@1234,Test540,User540,testuser540@test.com,
testuser541,Test@1234,Test541,User541,testuser541@test.com,
testuser542,Test@1234,Test542,User542,testuser542@test.com,
testuser543,Test@1234,Test543,User543,testuser543@test.com,
testuser544,Test@1234,Test544,User544,testuser544@test.com,
testuser545,Test@1234,Test545,User545,testuser545@test.com,
testuser546,Test@1234,Test546,User546,testuser546@test.com,
testuser547,Test@1234,Test547,User547,testuser547@test.com,
testuser548,Test@1234,Test548,User548,testuser548@test.com,
testuser549,Test@1234,Test549,User549,testuser549@test.com,
testuser550,Test@1234,Test550,User550,testuser550@test.com,
testuser551,Test@1234,Test551,User551,testuser551@test.com,
testuser552,Test@1234,Test552,User552,testuser552@test.com,
testuser553,Test@1234,Test553,User553,testuser553@test.com,
testuser554,Test@1234,Test554,User554,testuser554@test.com,
testuser555,Test@1234,Test555,User555,testuser555@test.com,
testuser556,Test@1234,Test556,User556,testuser556@test.com,
testuser557,Test@1234,Test557,User557,testuser557@test.com,
testuser558,Test@1234,Test558,User558,testuser558@test.com,
testuser559,Test@1234,Test559,User559,testuser559@test.com,
testuser560,Test@1234,Test560,User560,testuser560@test.com,
testuser561,Test@1234,Test561,User561,testuser561@test.com,
testuser562,Test@1234,Test562,User562,testuser562@test.com,
testuser563,Test@1234,Test563,User563,testuser563@test.com,
testuser564,Test@1234,Test564,User564,testuser564@test.com,
testuser565,Test@1234,Test565,User565,testuser565@test.com,
testuser566,Test@1234,Test566,User566,testuser566@test.com,
testuser567,Test@1234,Test567,User567,testuser567@test.com,
testuser568,Test@1234,Test568,User568,testuser568@test.com,
testuser569,Test@1234,Test569,User569,testuser569@test.com,
testuser570,Test@1234,Test570,User570,testuser570@test.com,
testuser571,Test@1234,Test571,User571,testuser571@test.com,
testuser572,Test@1234,Test572,User572,testuser572@test.com,
testuser573,Test@1234,Test573,User573,testuser573@test.com,
testuser574,Test@1234,Test574,User574,testuser574@test.com,
testuser575,Test@1234,Test575,User575,testuser575@test.com,
testuser576,Test@1234,Test576,User576,testuser576@test.com,
testuser577,Test@1234,Test577,User577,testuser577@test.com,
testuser578,Test@1234,Test578,User578,testuser578@test.com,
testuser579,Test@1234,Test579,User579,testuser579@test.com,
testuser580,Test@1234,Test580,User580,testuser580@test.com,
testuser581,Test@1234,Test581,User581,testuser581@test.com,
testuser582,Test@1234,Test582,User582,testuser582@test.com,
testuser583,Test@1234,Test583,User583,testuser583@test.com,
testuser584,Test@1234,Test584,User584,testuser584@test.com,
testuser585,Test@1234,Test585,User585,testuser585@test.com,
testuser586,Test@1234,Test586,User586,testuser586@test.com,
testuser587,Test@1234,Test587,User587,testuser587@test.com,
testuser588,Test@1234,Test588,User588,testuser588@test.com,
testuser589,Test@1234,Test589,User589,testuser589@test.com,
testuser590,Test@1234,Test590,User590,testuser590@test.com,
testuser591,Test@1234,Test591,User591,testuser591@test.com,
testuser592,Test@1234,Test592,User592,testuser592@test.com,
testuser593,Test@1234,Test593,User593,testuser593@test.com,
testuser594,Test@1234,Test594,User594,testuser594@test.com,
testuser595,Test@1234,Test595,User595,testuser595@test.com,
testuser596,Test@1234,Test596,User596,testuser596@test.com,
testuser597,Test@1234,Test597,User597,testuser597@test.com,
testuser598,Test@1234,Test598,User598,testuser598@test.com,
testuser599,Test@1234,Test599,User599,testuser599@test.com,
testuser600,Test@1234,Test600,User600,testuser600@test.com,
testuser601,Test@1234,Test601,User601,testuser601@test.com,
testuser602,Test@1234,Test602,User602,testuser602@test.com,
testuser603,Test@1234,Test603,User603,testuser603@test.com,
testuser604,Test@1234,Test604,User604,testuser604@test.com,
testuser605,Test@1234,Test605,User605,testuser605@test.com,
testuser606,Test@1234,Test606,User606,testuser606@test.com,
testuser607,Test@1234,Test607,User607,testuser607@test.com,
testuser608,Test@1234,Test608,User608,testuser608@test.com,
testuser609,Test@1234,Test609,User609,testuser609@test.com,
testuser610,Test@1234,Test610,User610,testuser610@test.com,
testuser611,Test@1234,Test611,User611,testuser611@test.com,
testuser612,Test@1234,Test612,User612,testuser612@test.com,
testuser613,Test@1234,Test613,User613,testuser613@test.com,
testuser614,Test@1234,Test614,User614,testuser614@test.com,
testuser615,Test@1234,Test615,User615,testuser615@test.com,
testuser616,Test@1234,Test616,User616,testuser616@test.com,
testuser617,Test@1234,Test617,User617,testuser617@test.com,
testuser618,Test@1234,Test618,User618,testuser618@test.com,
testuser619,Test@1234,Test619,User619,testuser619@test.com,
testuser620,Test@1234,Test620,User620,testuser620@test.com,
testuser621,Test@1234,Test621,User621,testuser621@test.com,
testuser622,Test@1234,Test622,User622,testuser622@test.com,
testuser623,Test@1234,Test623,User623,testuser623@test.com,
testuser624,Test@1234,Test624,User624,testuser624@test.com,
testuser625,Test@1234,Test625,User625,testuser625@test.com,
testuser626,Test@1234,Test626,User626,testuser626@test.com,
testuser627,Test@1234,Test627,User627,testuser627@test.com,
testuser628,Test@1234,Test628,User628,testuser628@test.com,
testuser629,Test@1234,Test629,User629,testuser629@test.com,
testuser630,Test@1234,Test630,User630,testuser630@test.com,
testuser631,Test@1234,Test631,User631,testuser631@test.com,
testuser632,Test@1234,Test632,User632,testuser632@test.com,
testuser633,Test@1234,Test633,User633,testuser633@test.com,
testuser634,Test@1234,Test634,User634,testuser634@test.com,
testuser635,Test@1234,Test635,User635,testuser635@test.com,
testuser636,Test@1234,Test636,User636,testuser636@test.com,
testuser637,Test@1234,Test637,User637,testuser637@test.com,
testuser638,Test@1234,Test638,User638,testuser638@test.com,
testuser639,Test@1234,Test639,User639,testuser639@test.com,
testuser640,Test@1234,Test640,User640,testuser640@test.com,
testuser641,Test@1234,Test641,User641,testuser641@test.com,
testuser642,Test@1234,Test642,User642,testuser642@test.com,
testuser643,Test@1234,Test643,User643,testuser643@test.com,
testuser644,Test@1234,Test644,User644,testuser644@test.com,
testuser645,Test@1234,Test645,User645,testuser645@test.com,
testuser646,Test@1234,Test646,User646,testuser646@test.com,
testuser647,Test@1234,Test647,User647,testuser647@test.com,
testuser648,Test@1234,Test648,User648,testuser648@test.com,
testuser649,Test@1234,Test649,User649,testuser649@test.com,
testuser650,Test@1234,Test650,User650,testuser650@test.com,
testuser651,Test@1234,Test651,User651,testuser651@test.com,
testuser652,Test@1234,Test652,User652,testuser652@test.com,
testuser653,Test@1234,Test653,User653,testuser653@test.com,
testuser654,Test@1234,Test654,User654,testuser654@test.com,
testuser655,Test@1234,Test655,User655,testuser655@test.com,
testuser656,Test@1234,Test656,User656,testuser656@test.com,
testuser657,Test@1234,Test657,User657,testuser657@test.com,
testuser658,Test@1234,Test658,User658,testuser658@test.com,
testuser659,Test@1234,Test659,User659,testuser659@test.com,
testuser660,Test@1234,Test660,User660,testuser660@test.com,
testuser661,Test@1234,Test661,User661,testuser661@test.com,
testuser662,Test@1234,Test662,User662,testuser662@test.com,
testuser663,Test@1234,Test663,User663,testuser663@test.com,
testuser664,Test@1234,Test664,User664,testuser664@test.com,
testuser665,Test@1234,Test665,User665,testuser665@test.com,
testuser666,Test@1234,Test666,User666,testuser666@test.com,
testuser667,Test@1234,Test667,User667,testuser667@test.com,
testuser668,Test@1234,Test668,User668,testuser668@test.com,
testuser669,Test@1234,Test669,User669,testuser669@test.com,
testuser670,Test@1234,Test670,User670,testuser670@test.com,
testuser671,Test@1234,Test671,User671,testuser671@test.com,
testuser672,Test@1234,Test672,User672,testuser672@test.com,
testuser673,Test@1234,Test673,User673,testuser673@test.com,
testuser674,Test@1234,Test674,User674,testuser674@test.com,
testuser675,Test@1234,Test675,User675,testuser675@test.com,
testuser676,Test@1234,Test676,User676,testuser676@test.com,
testuser677,Test@1234,Test677,User677,testuser677@test.com,
testuser678,Test@1234,Test678,User678,testuser678@test.com,
testuser679,Test@1234,Test679,User679,testuser679@test.com,
testuser680,Test@1234,Test680,User680,testuser680@test.com,
testuser681,Test@1234,Test681,User681,testuser681@test.com,
testuser682,Test@1234,Test682,User682,testuser682@test.com,
testuser683,Test@1234,Test683,User683,testuser683@test.com,
testuser684,Test@1234,Test684,User684,testuser684@test.com,
testuser685,Test@1234,Test685,User685,testuser685@test.com,
testuser686,Test@1234,Test686,User686,testuser686@test.com,
testuser687,Test@1234,Test687,User687,testuser687@test.com,
testuser688,Test@1234,Test688,User688,testuser688@test.com,
testuser689,Test@1234,Test689,User689,testuser689@test.com,
testuser690,Test@1234,Test690,User690,testuser690@test.com,
testuser691,Test@1234,Test691,User691,testuser691@test.com,
testuser692,Test@1234,Test692,User692,testuser692@test.com,
testuser693,Test@1234,Test693,User693,testuser693@test.com,
testuser694,Test@1234,Test694,User694,testuser694@test.com,
testuser695,Test@1234,Test695,User695,testuser695@test.com,
testuser696,Test@1234,Test696,User696,testuser696@test.com,
testuser697,Test@1234,Test697,User697,testuser697@test.com,
testuser698,Test@1234,Test698,User698,testuser698@test.com,
testuser699,Test@1234,Test699,User699,testuser699@test.com,
testuser700,Test@1234,Test700,User700,testuser700@test.com,
testuser701,Test@1234,Test701,User701,testuser701@test.com,
testuser702,Test@1234,Test702,User702,testuser702@test.com,
testuser703,Test@1234,Test703,User703,testuser703@test.com,
testuser704,Test@1234,Test704,User704,testuser704@test.com,
testuser705,Test@1234,Test705,User705,testuser705@test.com,
testuser706,Test@1234,Test706,User706,testuser706@test.com,
testuser707,Test@1234,Test707,User707,testuser707@test.com,
testuser708,Test@1234,Test708,User708,testuser708@test.com,
testuser709,Test@1234,Test709,User709,testuser709@test.com,
testuser710,Test@1234,Test710,User710,testuser710@test.com,
testuser711,Test@1234,Test711,User711,testuser711@test.com,
testuser712,Test@1234,Test712,User712,testuser712@test.com,
testuser713,Test@1234,Test713,User713,testuser713@test.com,
testuser714,Test@1234,Test714,User714,testuser714@test.com,
testuser715,Test@1234,Test715,User715,testuser715@test.com,
testuser716,Test@1234,Test716,User716,testuser716@test.com,
testuser717,Test@1234,Test717,User717,testuser717@test.com,
testuser718,Test@1234,Test718,User718,testuser718@test.com,
testuser719,Test@1234,Test719,User719,testuser719@test.com,
testuser720,Test@1234,Test720,User720,testuser720@test.com,
testuser721,Test@1234,Test721,User721,testuser721@test.com,
testuser722,Test@1234,Test722,User722,testuser722@test.com,
testuser723,Test@1234,Test723,User723,testuser723@test.com,
testuser724,Test@1234,Test724,User724,testuser724@test.com,
testuser725,Test@1234,Test725,User725,testuser725@test.com,
testuser726,Test@1234,Test726,User726,testuser726@test.com,
testuser727,Test@1234,Test727,User727,testuser727@test.com,
testuser728,Test@1234,Test728,User728,testuser728@test.com,
testuser729,Test@1234,Test729,User729,testuser729@test.com,
testuser730,Test@1234,Test730,User730,testuser730@test.com,
testuser731,Test@1234,Test731,User731,testuser731@test.com,
testuser732,Test@1234,Test732,User732,testuser732@test.com,
testuser733,Test@1234,Test733,User733,testuser733@test.com,
testuser734,Test@1234,Test734,User734,testuser734@test.com,
testuser735,Test@1234,Test735,User735,testuser735@test.com,
testuser736,Test@1234,Test736,User736,testuser736@test.com,
testuser737,Test@1234,Test737,User737,testuser737@test.com,
testuser738,Test@1234,Test738,User738,testuser738@test.com,
testuser739,Test@1234,Test739,User739,testuser739@test.com,
testuser740,Test@1234,Test740,User740,testuser740@test.com,
testuser741,Test@1234,Test741,User741,testuser741@test.com,
testuser742,Test@1234,Test742,User742,testuser742@test.com,
testuser743,Test@1234,Test743,User743,testuser743@test.com,
testuser744,Test@1234,Test744,User744,testuser744@test.com,
testuser745,Test@1234,Test745,User745,testuser745@test.com,
testuser746,Test@1234,Test746,User746,testuser746@test.com,
testuser747,Test@1234,Test747,User747,testuser747@test.com,
testuser748,Test@1234,Test748,User748,testuser748@test.com,
testuser749,Test@1234,Test749,User749,testuser749@test.com,
testuser750,Test@1234,Test750,User750,testuser750@test.com,
testuser751,Test@1234,Test751,User751,testuser751@test.com,
testuser752,Test@1234,Test752,User752,testuser752@test.com,
testuser753,Test@1234,Test753,User753,testuser753@test.com,
testuser754,Test@1234,Test754,User754,testuser754@test.com,
testuser755,Test@1234,Test755,User755,testuser755@test.com,
testuser756,Test@1234,Test756,User756,testuser756@test.com,
testuser757,Test@1234,Test757,User757,testuser757@test.com,
testuser758,Test@1234,Test758,User758,testuser758@test.com,
testuser759,Test@1234,Test759,User759,testuser759@test.com,
testuser760,Test@1234,Test760,User760,testuser760@test.com,
testuser761,Test@1234,Test761,User761,testuser761@test.com,
testuser762,Test@1234,Test762,User762,testuser762@test.com,
testuser763,Test@1234,Test763,User763,testuser763@test.com,
testuser764,Test@1234,Test764,User764,testuser764@test.com,
testuser765,Test@1234,Test765,User765,testuser765@test.com,
testuser766,Test@1234,Test766,User766,testuser766@test.com,
testuser767,Test@1234,Test767,User767,testuser767@test.com,
testuser768,Test@1234,Test768,User768,testuser768@test.com,
testuser769,Test@1234,Test769,User769,testuser769@test.com,
testuser770,Test@1234,Test770,User770,testuser770@test.com,
testuser771,Test@1234,Test771,User771,testuser771@test.com,
testuser772,Test@1234,Test772,User772,testuser772@test.com,
testuser773,Test@1234,Test773,User773,testuser773@test.com,
testuser774,Test@1234,Test774,User774,testuser774@test.com,
testuser775,Test@1234,Test775,User775,testuser775@test.com,
testuser776,Test@1234,Test776,User776,testuser776@test.com,
testuser777,Test@1234,Test777,User777,testuser777@test.com,
testuser778,Test@1234,Test778,User778,testuser778@test.com,
testuser779,Test@1234,Test779,User779,testuser779@test.com,
testuser780,Test@1234,Test780,User780,testuser780@test.com,
testuser781,Test@1234,Test781,User781,testuser781@test.com,
testuser782,Test@1234,Test782,User782,testuser782@test.com,
testuser783,Test@1234,Test783,User783,testuser783@test.com,
testuser784,Test@1234,Test784,User784,testuser784@test.com,
testuser785,Test@1234,Test785,User785,testuser785@test.com,
testuser786,Test@1234,Test786,User786,testuser786@test.com,
testuser787,Test@1234,Test787,User787,testuser787@test.com,
testuser788,Test@1234,Test788,User788,testuser788@test.com,
testuser789,Test@1234,Test789,User789,testuser789@test.com,
testuser790,Test@1234,Test790,User790,testuser790@test.com,
testuser791,Test@1234,Test791,User791,testuser791@test.com,
testuser792,Test@1234,Test792,User792,testuser792@test.com,
testuser793,Test@1234,Test793,User793,testuser793@test.com,
testuser794,Test@1234,Test794,User794,testuser794@test.com,
testuser795,Test@1234,Test795,User795,testuser795@test.com,
testuser796,Test@1234,Test796,User796,testuser796@test.com,
testuser797,Test@1234,Test797,User797,testuser797@test.com,
testuser798,Test@1234,Test798,User798,testuser798@test.com,
testuser799,Test@1234,Test799,User799,testuser799@test.com,
testuser800,Test@1234,Test800,User800,testuser800@test.com,
testuser801,Test@1234,Test801,User801,testuser801@test.com,
testuser802,Test@1234,Test802,User802,testuser802@test.com,
testuser803,Test@1234,Test803,User803,testuser803@test.com,
testuser804,Test@1234,Test804,User804,testuser804@test.com,
testuser805,Test@1234,Test805,User805,testuser805@test.com,
testuser806,Test@1234,Test806,User806,testuser806@test.com,
testuser807,Test@1234,Test807,User807,testuser807@test.com,
testuser808,Test@1234,Test808,User808,testuser808@test.com,
testuser809,Test@1234,Test809,User809,testuser809@test.com,
testuser810,Test@1234,Test810,User810,testuser810@test.com,
testuser811,Test@1234,Test811,User811,testuser811@test.com,
testuser812,Test@1234,Test812,User812,testuser812@test.com,
testuser813,Test@1234,Test813,User813,testuser813@test.com,
testuser814,Test@1234,Test814,User814,testuser814@test.com,
testuser815,Test@1234,Test815,User815,testuser815@test.com,
testuser816,Test@1234,Test816,User816,testuser816@test.com,
testuser817,Test@1234,Test817,User817,testuser817@test.com,
testuser818,Test@1234,Test818,User818,testuser818@test.com,
testuser819,Test@1234,Test819,User819,testuser819@test.com,
testuser820,Test@1234,Test820,User820,testuser820@test.com,
testuser821,Test@1234,Test821,User821,testuser821@test.com,
testuser822,Test@1234,Test822,User822,testuser822@test.com,
testuser823,Test@1234,Test823,User823,testuser823@test.com,
testuser824,Test@1234,Test824,User824,testuser824@test.com,
testuser825,Test@1234,Test825,User825,testuser825@test.com,
testuser826,Test@1234,Test826,User826,testuser826@test.com,
testuser827,Test@1234,Test827,User827,testuser827@test.com,
testuser828,Test@1234,Test828,User828,testuser828@test.com,
testuser829,Test@1234,Test829,User829,testuser829@test.com,
testuser830,Test@1234,Test830,User830,testuser830@test.com,
testuser831,Test@1234,Test831,User831,testuser831@test.com,
testuser832,Test@1234,Test832,User832,testuser832@test.com,
testuser833,Test@1234,Test833,User833,testuser833@test.com,
testuser834,Test@1234,Test834,User834,testuser834@test.com,
testuser835,Test@1234,Test835,User835,testuser835@test.com,
testuser836,Test@1234,Test836,User836,testuser836@test.com,
testuser837,Test@1234,Test837,User837,testuser837@test.com,
testuser838,Test@1234,Test838,User838,testuser838@test.com,
testuser839,Test@1234,Test839,User839,testuser839@test.com,
testuser840,Test@1234,Test840,User840,testuser840@test.com,
testuser841,Test@1234,Test841,User841,testuser841@test.com,
testuser842,Test@1234,Test842,User842,testuser842@test.com,
testuser843,Test@1234,Test843,User843,testuser843@test.com,
testuser844,Test@1234,Test844,User844,testuser844@test.com,
testuser845,Test@1234,Test845,User845,testuser845@test.com,
testuser846,Test@1234,Test846,User846,testuser846@test.com,
testuser847,Test@1234,Test847,User847,testuser847@test.com,
testuser848,Test@1234,Test848,User848,testuser848@test.com,
testuser849,Test@1234,Test849,User849,testuser849@test.com,
testuser850,Test@1234,Test850,User850,testuser850@test.com,
testuser851,Test@1234,Test851,User851,testuser851@test.com,
testuser852,Test@1234,Test852,User852,testuser852@test.com,
testuser853,Test@1234,Test853,User853,testuser853@test.com,
testuser854,Test@1234,Test854,User854,testuser854@test.com,
testuser855,Test@1234,Test855,User855,testuser855@test.com,
testuser856,Test@1234,Test856,User856,testuser856@test.com,
testuser857,Test@1234,Test857,User857,testuser857@test.com,
testuser858,Test@1234,Test858,User858,testuser858@test.com,
testuser859,Test@1234,Test859,User859,testuser859@test.com,
testuser860,Test@1234,Test860,User860,testuser860@test.com,
testuser861,Test@1234,Test861,User861,testuser861@test.com,
testuser862,Test@1234,Test862,User862,testuser862@test.com,
testuser863,Test@1234,Test863,User863,testuser863@test.com,
testuser864,Test@1234,Test864,User864,testuser864@test.com,
testuser865,Test@1234,Test865,User865,testuser865@test.com,
testuser866,Test@1234,Test866,User866,testuser866@test.com,
testuser867,Test@1234,Test867,User867,testuser867@test.com,
testuser868,Test@1234,Test868,User868,testuser868@test.com,
testuser869,Test@1234,Test869,User869,testuser869@test.com,
testuser870,Test@1234,Test870,User870,testuser870@test.com,
testuser871,Test@1234,Test871,User871,testuser871@test.com,
testuser872,Test@1234,Test872,User872,testuser872@test.com,
testuser873,Test@1234,Test873,User873,testuser873@test.com,
testuser874,Test@1234,Test874,User874,testuser874@test.com,
testuser875,Test@1234,Test875,User875,testuser875@test.com,
testuser876,Test@1234,Test876,User876,testuser876@test.com,
testuser877,Test@1234,Test877,User877,testuser877@test.com,
testuser878,Test@1234,Test878,User878,testuser878@test.com,
testuser879,Test@1234,Test879,User879,testuser879@test.com,
testuser880,Test@1234,Test880,User880,testuser880@test.com,
testuser881,Test@1234,Test881,User881,testuser881@test.com,
testuser882,Test@1234,Test882,User882,testuser882@test.com,
testuser883,Test@1234,Test883,User883,testuser883@test.com,
testuser884,Test@1234,Test884,User884,testuser884@test.com,
testuser885,Test@1234,Test885,User885,testuser885@test.com,
testuser886,Test@1234,Test886,User886,testuser886@test.com,
testuser887,Test@1234,Test887,User887,testuser887@test.com,
testuser888,Test@1234,Test888,User888,testuser888@test.com,
testuser889,Test@1234,Test889,User889,testuser889@test.com,
testuser890,Test@1234,Test890,User890,testuser890@test.com,
testuser891,Test@1234,Test891,User891,testuser891@test.com,
testuser892,Test@1234,Test892,User892,testuser892@test.com,
testuser893,Test@1234,Test893,User893,testuser893@test.com,
testuser894,Test@1234,Test894,User894,testuser894@test.com,
testuser895,Test@1234,Test895,User895,testuser895@test.com,
testuser896,Test@1234,Test896,User896,testuser896@test.com,
testuser897,Test@1234,Test897,User897,testuser897@test.com,
testuser898,Test@1234,Test898,User898,testuser898@test.com,
testuser899,Test@1234,Test899,User899,testuser899@test.com,
testuser900,Test@1234,Test900,User900,testuser900@test.com,
testuser901,Test@1234,Test901,User901,testuser901@test.com,
testuser902,Test@1234,Test902,User902,testuser902@test.com,
testuser903,Test@1234,Test903,User903,testuser903@test.com,
testuser904,Test@1234,Test904,User904,testuser904@test.com,
testuser905,Test@1234,Test905,User905,testuser905@test.com,
testuser906,Test@1234,Test906,User906,testuser906@test.com,
testuser907,Test@1234,Test907,User907,testuser907@test.com,
testuser908,Test@1234,Test908,User908,testuser908@test.com,
testuser909,Test@1234,Test909,User909,testuser909@test.com,
testuser910,Test@1234,Test910,User910,testuser910@test.com,
testuser911,Test@1234,Test911,User911,testuser911@test.com,
testuser912,Test@1234,Test912,User912,testuser912@test.com,
testuser913,Test@1234,Test913,User913,testuser913@test.com,
testuser914,Test@1234,Test914,User914,testuser914@test.com,
testuser915,Test@1234,Test915,User915,testuser915@test.com,
testuser916,Test@1234,Test916,User916,testuser916@test.com,
testuser917,Test@1234,Test917,User917,testuser917@test.com,
testuser918,Test@1234,Test918,User918,testuser918@test.com,
testuser919,Test@1234,Test919,User919,testuser919@test.com,
testuser920,Test@1234,Test920,User920,testuser920@test.com,
testuser921,Test@1234,Test921,User921,testuser921@test.com,
testuser922,Test@1234,Test922,User922,testuser922@test.com,
testuser923,Test@1234,Test923,User923,testuser923@test.com,
testuser924,Test@1234,Test924,User924,testuser924@test.com,
testuser925,Test@1234,Test925,User925,testuser925@test.com,
testuser926,Test@1234,Test926,User926,testuser926@test.com,
testuser927,Test@1234,Test927,User927,testuser927@test.com,
testuser928,Test@1234,Test928,User928,testuser928@test.com,
testuser929,Test@1234,Test929,User929,testuser929@test.com,
testuser930,Test@1234,Test930,User930,testuser930@test.com,
testuser931,Test@1234,Test931,User931,testuser931@test.com,
testuser932,Test@1234,Test932,User932,testuser932@test.com,
testuser933,Test@1234,Test933,User933,testuser933@test.com,
testuser934,Test@1234,Test934,User934,testuser934@test.com,
testuser935,Test@1234,Test935,User935,testuser935@test.com,
testuser936,Test@1234,Test936,User936,testuser936@test.com,
testuser937,Test@1234,Test937,User937,testuser937@test.com,
testuser938,Test@1234,Test938,User938,testuser938@test.com,
testuser939,Test@1234,Test939,User939,testuser939@test.com,
testuser940,Test@1234,Test940,User940,testuser940@test.com,
testuser941,Test@1234,Test941,User941,testuser941@test.com,
testuser942,Test@1234,Test942,User942,testuser942@test.com,
testuser943,Test@1234,Test943,User943,testuser943@test.com,
testuser944,Test@1234,Test944,User944,testuser944@test.com,
testuser945,Test@1234,Test945,User945,testuser945@test.com,
testuser946,Test@1234,Test946,User946,testuser946@test.com,
testuser947,Test@1234,Test947,User947,testuser947@test.com,
testuser948,Test@1234,Test948,User948,testuser948@test.com,
testuser949,Test@1234,Test949,User949,testuser949@test.com,
testuser950,Test@1234,Test950,User950,testuser950@test.com,
testuser951,Test@1234,Test951,User951,testuser951@test.com,
testuser952,Test@1234,Test952,User952,testuser952@test.com,
testuser953,Test@1234,Test953,User953,testuser953@test.com,
testuser954,Test@1234,Test954,User954,testuser954@test.com,
testuser955,Test@1234,Test955,User955,testuser955@test.com,
testuser956,Test@1234,Test956,User956,testuser956@test.com,
testuser957,Test@1234,Test957,User957,testuser957@test.com,
testuser958,Test@1234,Test958,User958,testuser958@test.com,
testuser959,Test@1234,Test959,User959,testuser959@test.com,
testuser960,Test@1234,Test960,User960,testuser960@test.com,
testuser961,Test@1234,Test961,User961,testuser961@test.com,
testuser962,Test@1234,Test962,User962,testuser962@test.com,
testuser963,Test@1234,Test963,User963,testuser963@test.com,
testuser964,Test@1234,Test964,User964,testuser964@test.com,
testuser965,Test@1234,Test965,User965,testuser965@test.com,
testuser966,Test@1234,Test966,User966,testuser966@test.com,
testuser967,Test@1234,Test967,User967,testuser967@test.com,
testuser968,Test@1234,Test968,User968,testuser968@test.com,
testuser969,Test@1234,Test969,User969,testuser969@test.com,
testuser970,Test@1234,Test970,User970,testuser970@test.com,
testuser971,Test@1234,Test971,User971,testuser971@test.com,
testuser972,Test@1234,Test972,User972,testuser972@test.com,
testuser973,Test@1234,Test973,User973,testuser973@test.com,
testuser974,Test@1234,Test974,User974,testuser974@test.com,
testuser975,Test@1234,Test975,User975,testuser975@test.com,
testuser976,Test@1234,Test976,User976,testuser976@test.com,
testuser977,Test@1234,Test977,User977,testuser977@test.com,
testuser978,Test@1234,Test978,User978,testuser978@test.com,
testuser979,Test@1234,Test979,User979,testuser979@test.com,
testuser980,Test@1234,Test980,User980,testuser980@test.com,
testuser981,Test@1234,Test981,User981,testuser981@test.com,
testuser982,Test@1234,Test982,User982,testuser982@test.com,
testuser983,Test@1234,Test983,User983,testuser983@test.com,
testuser984,Test@1234,Test984,User984,testuser984@test.com,
testuser985,Test@1234,Test985,User985,testuser985@test.com,
testuser986,Test@1234,Test986,User986,testuser986@test.com,
testuser987,Test@1234,Test987,User987,testuser987@test.com,
testuser988,Test@1234,Test988,User988,testuser988@test.com,
testuser989,Test@1234,Test989,User989,testuser989@test.com,
testuser990,Test@1234,Test990,User990,testuser990@test.com,
testuser991,Test@1234,Test991,User991,testuser991@test.com,
testuser992,Test@1234,Test992,User992,testuser992@test.com,
testuser993,Test@1234,Test993,User993,testuser993@test.com,
testuser994,Test@1234,Test994,User994,testuser994@test.com,
testuser995,Test@1234,Test995,User995,testuser995@test.com,
testuser996,Test@1234,Test996,User996,testuser996@test.com,
testuser997,Test@1234,Test997,User997,testuser997@test.com,
testuser998,Test@1234,Test998,User998,testuser998@test.com,
testuser999,Test@1234,Test999,User999,testuser999@test.com,
