P_Username,P_Password,P_FirstName,P_LastName,P_Email
testuserpt1,Test@1234,Testpt1,Userpt1,testuserpt1@test.com
testuserpt2,Test@1234,Testpt2,Userpt2,testuserpt2@test.com
testuserpt3,Test@1234,Testpt3,Userpt3,testuserpt3@test.com
testuserpt4,Test@1234,Testpt4,Userpt4,testuserpt4@test.com
testuserpt5,Test@1234,Testpt5,Userpt5,testuserpt5@test.com
testuserpt6,Test@1234,Testpt6,Userpt6,testuserpt6@test.com
testuserpt7,Test@1234,Testpt7,Userpt7,testuserpt7@test.com
testuserpt8,Test@1234,Testpt8,Userpt8,testuserpt8@test.com
testuserpt9,Test@1234,Testpt9,Userpt9,testuserpt9@test.com
testuserpt10,Test@1234,Testpt10,Userpt10,testuserpt10@test.com
testuserpt11,Test@1234,Testpt11,Userpt11,testuserpt11@test.com
testuserpt12,Test@1234,Testpt12,Userpt12,testuserpt12@test.com
testuserpt13,Test@1234,Testpt13,Userpt13,testuserpt13@test.com
testuserpt14,Test@1234,Testpt14,Userpt14,testuserpt14@test.com
testuserpt15,Test@1234,Testpt15,Userpt15,testuserpt15@test.com
testuserpt16,Test@1234,Testpt16,Userpt16,testuserpt16@test.com
testuserpt17,Test@1234,Testpt17,Userpt17,testuserpt17@test.com
testuserpt18,Test@1234,Testpt18,Userpt18,testuserpt18@test.com
testuserpt19,Test@1234,Testpt19,Userpt19,testuserpt19@test.com
testuserpt20,Test@1234,Testpt20,Userpt20,testuserpt20@test.com
testuserpt21,Test@1234,Testpt21,Userpt21,testuserpt21@test.com
testuserpt22,Test@1234,Testpt22,Userpt22,testuserpt22@test.com
testuserpt23,Test@1234,Testpt23,Userpt23,testuserpt23@test.com
testuserpt24,Test@1234,Testpt24,Userpt24,testuserpt24@test.com
testuserpt25,Test@1234,Testpt25,Userpt25,testuserpt25@test.com
testuserpt26,Test@1234,Testpt26,Userpt26,testuserpt26@test.com
testuserpt27,Test@1234,Testpt27,Userpt27,testuserpt27@test.com
testuserpt28,Test@1234,Testpt28,Userpt28,testuserpt28@test.com
testuserpt29,Test@1234,Testpt29,Userpt29,testuserpt29@test.com
testuserpt30,Test@1234,Testpt30,Userpt30,testuserpt30@test.com
testuserpt31,Test@1234,Testpt31,Userpt31,testuserpt31@test.com
testuserpt32,Test@1234,Testpt32,Userpt32,testuserpt32@test.com
testuserpt33,Test@1234,Testpt33,Userpt33,testuserpt33@test.com
testuserpt34,Test@1234,Testpt34,Userpt34,testuserpt34@test.com
testuserpt35,Test@1234,Testpt35,Userpt35,testuserpt35@test.com
testuserpt36,Test@1234,Testpt36,Userpt36,testuserpt36@test.com
testuserpt37,Test@1234,Testpt37,Userpt37,testuserpt37@test.com
testuserpt38,Test@1234,Testpt38,Userpt38,testuserpt38@test.com
testuserpt39,Test@1234,Testpt39,Userpt39,testuserpt39@test.com
testuserpt40,Test@1234,Testpt40,Userpt40,testuserpt40@test.com
testuserpt41,Test@1234,Testpt41,Userpt41,testuserpt41@test.com
testuserpt42,Test@1234,Testpt42,Userpt42,testuserpt42@test.com
testuserpt43,Test@1234,Testpt43,Userpt43,testuserpt43@test.com
testuserpt44,Test@1234,Testpt44,Userpt44,testuserpt44@test.com
testuserpt45,Test@1234,Testpt45,Userpt45,testuserpt45@test.com
testuserpt46,Test@1234,Testpt46,Userpt46,testuserpt46@test.com
testuserpt47,Test@1234,Testpt47,Userpt47,testuserpt47@test.com
testuserpt48,Test@1234,Testpt48,Userpt48,testuserpt48@test.com
testuserpt49,Test@1234,Testpt49,Userpt49,testuserpt49@test.com
testuserpt50,Test@1234,Testpt50,Userpt50,testuserpt50@test.com
testuserpt51,Test@1234,Testpt51,Userpt51,testuserpt51@test.com
testuserpt52,Test@1234,Testpt52,Userpt52,testuserpt52@test.com
testuserpt53,Test@1234,Testpt53,Userpt53,testuserpt53@test.com
testuserpt54,Test@1234,Testpt54,Userpt54,testuserpt54@test.com
testuserpt55,Test@1234,Testpt55,Userpt55,testuserpt55@test.com
testuserpt56,Test@1234,Testpt56,Userpt56,testuserpt56@test.com
testuserpt57,Test@1234,Testpt57,Userpt57,testuserpt57@test.com
testuserpt58,Test@1234,Testpt58,Userpt58,testuserpt58@test.com
testuserpt59,Test@1234,Testpt59,Userpt59,testuserpt59@test.com
testuserpt60,Test@1234,Testpt60,Userpt60,testuserpt60@test.com
testuserpt61,Test@1234,Testpt61,Userpt61,testuserpt61@test.com
testuserpt62,Test@1234,Testpt62,Userpt62,testuserpt62@test.com
testuserpt63,Test@1234,Testpt63,Userpt63,testuserpt63@test.com
testuserpt64,Test@1234,Testpt64,Userpt64,testuserpt64@test.com
testuserpt65,Test@1234,Testpt65,Userpt65,testuserpt65@test.com
testuserpt66,Test@1234,Testpt66,Userpt66,testuserpt66@test.com
testuserpt67,Test@1234,Testpt67,Userpt67,testuserpt67@test.com
testuserpt68,Test@1234,Testpt68,Userpt68,testuserpt68@test.com
testuserpt69,Test@1234,Testpt69,Userpt69,testuserpt69@test.com
testuserpt70,Test@1234,Testpt70,Userpt70,testuserpt70@test.com
testuserpt71,Test@1234,Testpt71,Userpt71,testuserpt71@test.com
testuserpt72,Test@1234,Testpt72,Userpt72,testuserpt72@test.com
testuserpt73,Test@1234,Testpt73,Userpt73,testuserpt73@test.com
testuserpt74,Test@1234,Testpt74,Userpt74,testuserpt74@test.com
testuserpt75,Test@1234,Testpt75,Userpt75,testuserpt75@test.com
testuserpt76,Test@1234,Testpt76,Userpt76,testuserpt76@test.com
testuserpt77,Test@1234,Testpt77,Userpt77,testuserpt77@test.com
testuserpt78,Test@1234,Testpt78,Userpt78,testuserpt78@test.com
testuserpt79,Test@1234,Testpt79,Userpt79,testuserpt79@test.com
testuserpt80,Test@1234,Testpt80,Userpt80,testuserpt80@test.com
testuserpt81,Test@1234,Testpt81,Userpt81,testuserpt81@test.com
testuserpt82,Test@1234,Testpt82,Userpt82,testuserpt82@test.com
testuserpt83,Test@1234,Testpt83,Userpt83,testuserpt83@test.com
testuserpt84,Test@1234,Testpt84,Userpt84,testuserpt84@test.com
testuserpt85,Test@1234,Testpt85,Userpt85,testuserpt85@test.com
testuserpt86,Test@1234,Testpt86,Userpt86,testuserpt86@test.com
testuserpt87,Test@1234,Testpt87,Userpt87,testuserpt87@test.com
testuserpt88,Test@1234,Testpt88,Userpt88,testuserpt88@test.com
testuserpt89,Test@1234,Testpt89,Userpt89,testuserpt89@test.com
testuserpt90,Test@1234,Testpt90,Userpt90,testuserpt90@test.com
testuserpt91,Test@1234,Testpt91,Userpt91,testuserpt91@test.com
testuserpt92,Test@1234,Testpt92,Userpt92,testuserpt92@test.com
testuserpt93,Test@1234,Testpt93,Userpt93,testuserpt93@test.com
testuserpt94,Test@1234,Testpt94,Userpt94,testuserpt94@test.com
testuserpt95,Test@1234,Testpt95,Userpt95,testuserpt95@test.com
testuserpt96,Test@1234,Testpt96,Userpt96,testuserpt96@test.com
testuserpt97,Test@1234,Testpt97,Userpt97,testuserpt97@test.com
testuserpt98,Test@1234,Testpt98,Userpt98,testuserpt98@test.com
testuserpt99,Test@1234,Testpt99,Userpt99,testuserpt99@test.com
testuserpt100,Test@1234,Testpt100,Userpt100,testuserpt100@test.com
testuserpt101,Test@1234,Testpt101,Userpt101,testuserpt101@test.com
testuserpt102,Test@1234,Testpt102,Userpt102,testuserpt102@test.com
testuserpt103,Test@1234,Testpt103,Userpt103,testuserpt103@test.com
testuserpt104,Test@1234,Testpt104,Userpt104,testuserpt104@test.com
testuserpt105,Test@1234,Testpt105,Userpt105,testuserpt105@test.com
testuserpt106,Test@1234,Testpt106,Userpt106,testuserpt106@test.com
testuserpt107,Test@1234,Testpt107,Userpt107,testuserpt107@test.com
testuserpt108,Test@1234,Testpt108,Userpt108,testuserpt108@test.com
testuserpt109,Test@1234,Testpt109,Userpt109,testuserpt109@test.com
testuserpt110,Test@1234,Testpt110,Userpt110,testuserpt110@test.com
testuserpt111,Test@1234,Testpt111,Userpt111,testuserpt111@test.com
testuserpt112,Test@1234,Testpt112,Userpt112,testuserpt112@test.com
testuserpt113,Test@1234,Testpt113,Userpt113,testuserpt113@test.com
testuserpt114,Test@1234,Testpt114,Userpt114,testuserpt114@test.com
testuserpt115,Test@1234,Testpt115,Userpt115,testuserpt115@test.com
testuserpt116,Test@1234,Testpt116,Userpt116,testuserpt116@test.com
testuserpt117,Test@1234,Testpt117,Userpt117,testuserpt117@test.com
testuserpt118,Test@1234,Testpt118,Userpt118,testuserpt118@test.com
testuserpt119,Test@1234,Testpt119,Userpt119,testuserpt119@test.com
testuserpt120,Test@1234,Testpt120,Userpt120,testuserpt120@test.com
testuserpt121,Test@1234,Testpt121,Userpt121,testuserpt121@test.com
testuserpt122,Test@1234,Testpt122,Userpt122,testuserpt122@test.com
testuserpt123,Test@1234,Testpt123,Userpt123,testuserpt123@test.com
testuserpt124,Test@1234,Testpt124,Userpt124,testuserpt124@test.com
testuserpt125,Test@1234,Testpt125,Userpt125,testuserpt125@test.com
testuserpt126,Test@1234,Testpt126,Userpt126,testuserpt126@test.com
testuserpt127,Test@1234,Testpt127,Userpt127,testuserpt127@test.com
testuserpt128,Test@1234,Testpt128,Userpt128,testuserpt128@test.com
testuserpt129,Test@1234,Testpt129,Userpt129,testuserpt129@test.com
testuserpt130,Test@1234,Testpt130,Userpt130,testuserpt130@test.com
testuserpt131,Test@1234,Testpt131,Userpt131,testuserpt131@test.com
testuserpt132,Test@1234,Testpt132,Userpt132,testuserpt132@test.com
testuserpt133,Test@1234,Testpt133,Userpt133,testuserpt133@test.com
testuserpt134,Test@1234,Testpt134,Userpt134,testuserpt134@test.com
testuserpt135,Test@1234,Testpt135,Userpt135,testuserpt135@test.com
testuserpt136,Test@1234,Testpt136,Userpt136,testuserpt136@test.com
testuserpt137,Test@1234,Testpt137,Userpt137,testuserpt137@test.com
testuserpt138,Test@1234,Testpt138,Userpt138,testuserpt138@test.com
testuserpt139,Test@1234,Testpt139,Userpt139,testuserpt139@test.com
testuserpt140,Test@1234,Testpt140,Userpt140,testuserpt140@test.com
testuserpt141,Test@1234,Testpt141,Userpt141,testuserpt141@test.com
testuserpt142,Test@1234,Testpt142,Userpt142,testuserpt142@test.com
testuserpt143,Test@1234,Testpt143,Userpt143,testuserpt143@test.com
testuserpt144,Test@1234,Testpt144,Userpt144,testuserpt144@test.com
testuserpt145,Test@1234,Testpt145,Userpt145,testuserpt145@test.com
testuserpt146,Test@1234,Testpt146,Userpt146,testuserpt146@test.com
testuserpt147,Test@1234,Testpt147,Userpt147,testuserpt147@test.com
testuserpt148,Test@1234,Testpt148,Userpt148,testuserpt148@test.com
testuserpt149,Test@1234,Testpt149,Userpt149,testuserpt149@test.com
testuserpt150,Test@1234,Testpt150,Userpt150,testuserpt150@test.com
testuserpt151,Test@1234,Testpt151,Userpt151,testuserpt151@test.com
testuserpt152,Test@1234,Testpt152,Userpt152,testuserpt152@test.com
testuserpt153,Test@1234,Testpt153,Userpt153,testuserpt153@test.com
testuserpt154,Test@1234,Testpt154,Userpt154,testuserpt154@test.com
testuserpt155,Test@1234,Testpt155,Userpt155,testuserpt155@test.com
testuserpt156,Test@1234,Testpt156,Userpt156,testuserpt156@test.com
testuserpt157,Test@1234,Testpt157,Userpt157,testuserpt157@test.com
testuserpt158,Test@1234,Testpt158,Userpt158,testuserpt158@test.com
testuserpt159,Test@1234,Testpt159,Userpt159,testuserpt159@test.com
testuserpt160,Test@1234,Testpt160,Userpt160,testuserpt160@test.com
testuserpt161,Test@1234,Testpt161,Userpt161,testuserpt161@test.com
testuserpt162,Test@1234,Testpt162,Userpt162,testuserpt162@test.com
testuserpt163,Test@1234,Testpt163,Userpt163,testuserpt163@test.com
testuserpt164,Test@1234,Testpt164,Userpt164,testuserpt164@test.com
testuserpt165,Test@1234,Testpt165,Userpt165,testuserpt165@test.com
testuserpt166,Test@1234,Testpt166,Userpt166,testuserpt166@test.com
testuserpt167,Test@1234,Testpt167,Userpt167,testuserpt167@test.com
testuserpt168,Test@1234,Testpt168,Userpt168,testuserpt168@test.com
testuserpt169,Test@1234,Testpt169,Userpt169,testuserpt169@test.com
testuserpt170,Test@1234,Testpt170,Userpt170,testuserpt170@test.com
testuserpt171,Test@1234,Testpt171,Userpt171,testuserpt171@test.com
testuserpt172,Test@1234,Testpt172,Userpt172,testuserpt172@test.com
testuserpt173,Test@1234,Testpt173,Userpt173,testuserpt173@test.com
testuserpt174,Test@1234,Testpt174,Userpt174,testuserpt174@test.com
testuserpt175,Test@1234,Testpt175,Userpt175,testuserpt175@test.com
testuserpt176,Test@1234,Testpt176,Userpt176,testuserpt176@test.com
testuserpt177,Test@1234,Testpt177,Userpt177,testuserpt177@test.com
testuserpt178,Test@1234,Testpt178,Userpt178,testuserpt178@test.com
testuserpt179,Test@1234,Testpt179,Userpt179,testuserpt179@test.com
testuserpt180,Test@1234,Testpt180,Userpt180,testuserpt180@test.com
testuserpt181,Test@1234,Testpt181,Userpt181,testuserpt181@test.com
testuserpt182,Test@1234,Testpt182,Userpt182,testuserpt182@test.com
testuserpt183,Test@1234,Testpt183,Userpt183,testuserpt183@test.com
testuserpt184,Test@1234,Testpt184,Userpt184,testuserpt184@test.com
testuserpt185,Test@1234,Testpt185,Userpt185,testuserpt185@test.com
testuserpt186,Test@1234,Testpt186,Userpt186,testuserpt186@test.com
testuserpt187,Test@1234,Testpt187,Userpt187,testuserpt187@test.com
testuserpt188,Test@1234,Testpt188,Userpt188,testuserpt188@test.com
testuserpt189,Test@1234,Testpt189,Userpt189,testuserpt189@test.com
testuserpt190,Test@1234,Testpt190,Userpt190,testuserpt190@test.com
testuserpt191,Test@1234,Testpt191,Userpt191,testuserpt191@test.com
testuserpt192,Test@1234,Testpt192,Userpt192,testuserpt192@test.com
testuserpt193,Test@1234,Testpt193,Userpt193,testuserpt193@test.com
testuserpt194,Test@1234,Testpt194,Userpt194,testuserpt194@test.com
testuserpt195,Test@1234,Testpt195,Userpt195,testuserpt195@test.com
testuserpt196,Test@1234,Testpt196,Userpt196,testuserpt196@test.com
testuserpt197,Test@1234,Testpt197,Userpt197,testuserpt197@test.com
testuserpt198,Test@1234,Testpt198,Userpt198,testuserpt198@test.com
testuserpt199,Test@1234,Testpt199,Userpt199,testuserpt199@test.com
testuserpt200,Test@1234,Testpt200,Userpt200,testuserpt200@test.com
testuserpt201,Test@1234,Testpt201,Userpt201,testuserpt201@test.com
testuserpt202,Test@1234,Testpt202,Userpt202,testuserpt202@test.com
testuserpt203,Test@1234,Testpt203,Userpt203,testuserpt203@test.com
testuserpt204,Test@1234,Testpt204,Userpt204,testuserpt204@test.com
testuserpt205,Test@1234,Testpt205,Userpt205,testuserpt205@test.com
testuserpt206,Test@1234,Testpt206,Userpt206,testuserpt206@test.com
testuserpt207,Test@1234,Testpt207,Userpt207,testuserpt207@test.com
testuserpt208,Test@1234,Testpt208,Userpt208,testuserpt208@test.com
testuserpt209,Test@1234,Testpt209,Userpt209,testuserpt209@test.com
testuserpt210,Test@1234,Testpt210,Userpt210,testuserpt210@test.com
testuserpt211,Test@1234,Testpt211,Userpt211,testuserpt211@test.com
testuserpt212,Test@1234,Testpt212,Userpt212,testuserpt212@test.com
testuserpt213,Test@1234,Testpt213,Userpt213,testuserpt213@test.com
testuserpt214,Test@1234,Testpt214,Userpt214,testuserpt214@test.com
testuserpt215,Test@1234,Testpt215,Userpt215,testuserpt215@test.com
testuserpt216,Test@1234,Testpt216,Userpt216,testuserpt216@test.com
testuserpt217,Test@1234,Testpt217,Userpt217,testuserpt217@test.com
testuserpt218,Test@1234,Testpt218,Userpt218,testuserpt218@test.com
testuserpt219,Test@1234,Testpt219,Userpt219,testuserpt219@test.com
testuserpt220,Test@1234,Testpt220,Userpt220,testuserpt220@test.com
testuserpt221,Test@1234,Testpt221,Userpt221,testuserpt221@test.com
testuserpt222,Test@1234,Testpt222,Userpt222,testuserpt222@test.com
testuserpt223,Test@1234,Testpt223,Userpt223,testuserpt223@test.com
testuserpt224,Test@1234,Testpt224,Userpt224,testuserpt224@test.com
testuserpt225,Test@1234,Testpt225,Userpt225,testuserpt225@test.com
testuserpt226,Test@1234,Testpt226,Userpt226,testuserpt226@test.com
testuserpt227,Test@1234,Testpt227,Userpt227,testuserpt227@test.com
testuserpt228,Test@1234,Testpt228,Userpt228,testuserpt228@test.com
testuserpt229,Test@1234,Testpt229,Userpt229,testuserpt229@test.com
testuserpt230,Test@1234,Testpt230,Userpt230,testuserpt230@test.com
testuserpt231,Test@1234,Testpt231,Userpt231,testuserpt231@test.com
testuserpt232,Test@1234,Testpt232,Userpt232,testuserpt232@test.com
testuserpt233,Test@1234,Testpt233,Userpt233,testuserpt233@test.com
testuserpt234,Test@1234,Testpt234,Userpt234,testuserpt234@test.com
testuserpt235,Test@1234,Testpt235,Userpt235,testuserpt235@test.com
testuserpt236,Test@1234,Testpt236,Userpt236,testuserpt236@test.com
testuserpt237,Test@1234,Testpt237,Userpt237,testuserpt237@test.com
testuserpt238,Test@1234,Testpt238,Userpt238,testuserpt238@test.com
testuserpt239,Test@1234,Testpt239,Userpt239,testuserpt239@test.com
testuserpt240,Test@1234,Testpt240,Userpt240,testuserpt240@test.com
testuserpt241,Test@1234,Testpt241,Userpt241,testuserpt241@test.com
testuserpt242,Test@1234,Testpt242,Userpt242,testuserpt242@test.com
testuserpt243,Test@1234,Testpt243,Userpt243,testuserpt243@test.com
testuserpt244,Test@1234,Testpt244,Userpt244,testuserpt244@test.com
testuserpt245,Test@1234,Testpt245,Userpt245,testuserpt245@test.com
testuserpt246,Test@1234,Testpt246,Userpt246,testuserpt246@test.com
testuserpt247,Test@1234,Testpt247,Userpt247,testuserpt247@test.com
testuserpt248,Test@1234,Testpt248,Userpt248,testuserpt248@test.com
testuserpt249,Test@1234,Testpt249,Userpt249,testuserpt249@test.com
testuserpt250,Test@1234,Testpt250,Userpt250,testuserpt250@test.com
testuserpt251,Test@1234,Testpt251,Userpt251,testuserpt251@test.com
testuserpt252,Test@1234,Testpt252,Userpt252,testuserpt252@test.com
testuserpt253,Test@1234,Testpt253,Userpt253,testuserpt253@test.com
testuserpt254,Test@1234,Testpt254,Userpt254,testuserpt254@test.com
testuserpt255,Test@1234,Testpt255,Userpt255,testuserpt255@test.com
testuserpt256,Test@1234,Testpt256,Userpt256,testuserpt256@test.com
testuserpt257,Test@1234,Testpt257,Userpt257,testuserpt257@test.com
testuserpt258,Test@1234,Testpt258,Userpt258,testuserpt258@test.com
testuserpt259,Test@1234,Testpt259,Userpt259,testuserpt259@test.com
testuserpt260,Test@1234,Testpt260,Userpt260,testuserpt260@test.com
testuserpt261,Test@1234,Testpt261,Userpt261,testuserpt261@test.com
testuserpt262,Test@1234,Testpt262,Userpt262,testuserpt262@test.com
testuserpt263,Test@1234,Testpt263,Userpt263,testuserpt263@test.com
testuserpt264,Test@1234,Testpt264,Userpt264,testuserpt264@test.com
testuserpt265,Test@1234,Testpt265,Userpt265,testuserpt265@test.com
testuserpt266,Test@1234,Testpt266,Userpt266,testuserpt266@test.com
testuserpt267,Test@1234,Testpt267,Userpt267,testuserpt267@test.com
testuserpt268,Test@1234,Testpt268,Userpt268,testuserpt268@test.com
testuserpt269,Test@1234,Testpt269,Userpt269,testuserpt269@test.com
testuserpt270,Test@1234,Testpt270,Userpt270,testuserpt270@test.com
testuserpt271,Test@1234,Testpt271,Userpt271,testuserpt271@test.com
testuserpt272,Test@1234,Testpt272,Userpt272,testuserpt272@test.com
testuserpt273,Test@1234,Testpt273,Userpt273,testuserpt273@test.com
testuserpt274,Test@1234,Testpt274,Userpt274,testuserpt274@test.com
testuserpt275,Test@1234,Testpt275,Userpt275,testuserpt275@test.com
testuserpt276,Test@1234,Testpt276,Userpt276,testuserpt276@test.com
testuserpt277,Test@1234,Testpt277,Userpt277,testuserpt277@test.com
testuserpt278,Test@1234,Testpt278,Userpt278,testuserpt278@test.com
testuserpt279,Test@1234,Testpt279,Userpt279,testuserpt279@test.com
testuserpt280,Test@1234,Testpt280,Userpt280,testuserpt280@test.com
testuserpt281,Test@1234,Testpt281,Userpt281,testuserpt281@test.com
testuserpt282,Test@1234,Testpt282,Userpt282,testuserpt282@test.com
testuserpt283,Test@1234,Testpt283,Userpt283,testuserpt283@test.com
testuserpt284,Test@1234,Testpt284,Userpt284,testuserpt284@test.com
testuserpt285,Test@1234,Testpt285,Userpt285,testuserpt285@test.com
testuserpt286,Test@1234,Testpt286,Userpt286,testuserpt286@test.com
testuserpt287,Test@1234,Testpt287,Userpt287,testuserpt287@test.com
testuserpt288,Test@1234,Testpt288,Userpt288,testuserpt288@test.com
testuserpt289,Test@1234,Testpt289,Userpt289,testuserpt289@test.com
testuserpt290,Test@1234,Testpt290,Userpt290,testuserpt290@test.com
testuserpt291,Test@1234,Testpt291,Userpt291,testuserpt291@test.com
testuserpt292,Test@1234,Testpt292,Userpt292,testuserpt292@test.com
testuserpt293,Test@1234,Testpt293,Userpt293,testuserpt293@test.com
testuserpt294,Test@1234,Testpt294,Userpt294,testuserpt294@test.com
testuserpt295,Test@1234,Testpt295,Userpt295,testuserpt295@test.com
testuserpt296,Test@1234,Testpt296,Userpt296,testuserpt296@test.com
testuserpt297,Test@1234,Testpt297,Userpt297,testuserpt297@test.com
testuserpt298,Test@1234,Testpt298,Userpt298,testuserpt298@test.com
testuserpt299,Test@1234,Testpt299,Userpt299,testuserpt299@test.com
testuserpt300,Test@1234,Testpt300,Userpt300,testuserpt300@test.com
testuserpt301,Test@1234,Testpt301,Userpt301,testuserpt301@test.com
testuserpt302,Test@1234,Testpt302,Userpt302,testuserpt302@test.com
testuserpt303,Test@1234,Testpt303,Userpt303,testuserpt303@test.com
testuserpt304,Test@1234,Testpt304,Userpt304,testuserpt304@test.com
testuserpt305,Test@1234,Testpt305,Userpt305,testuserpt305@test.com
testuserpt306,Test@1234,Testpt306,Userpt306,testuserpt306@test.com
testuserpt307,Test@1234,Testpt307,Userpt307,testuserpt307@test.com
testuserpt308,Test@1234,Testpt308,Userpt308,testuserpt308@test.com
testuserpt309,Test@1234,Testpt309,Userpt309,testuserpt309@test.com
testuserpt310,Test@1234,Testpt310,Userpt310,testuserpt310@test.com
testuserpt311,Test@1234,Testpt311,Userpt311,testuserpt311@test.com
testuserpt312,Test@1234,Testpt312,Userpt312,testuserpt312@test.com
testuserpt313,Test@1234,Testpt313,Userpt313,testuserpt313@test.com
testuserpt314,Test@1234,Testpt314,Userpt314,testuserpt314@test.com
testuserpt315,Test@1234,Testpt315,Userpt315,testuserpt315@test.com
testuserpt316,Test@1234,Testpt316,Userpt316,testuserpt316@test.com
testuserpt317,Test@1234,Testpt317,Userpt317,testuserpt317@test.com
testuserpt318,Test@1234,Testpt318,Userpt318,testuserpt318@test.com
testuserpt319,Test@1234,Testpt319,Userpt319,testuserpt319@test.com
testuserpt320,Test@1234,Testpt320,Userpt320,testuserpt320@test.com
testuserpt321,Test@1234,Testpt321,Userpt321,testuserpt321@test.com
testuserpt322,Test@1234,Testpt322,Userpt322,testuserpt322@test.com
testuserpt323,Test@1234,Testpt323,Userpt323,testuserpt323@test.com
testuserpt324,Test@1234,Testpt324,Userpt324,testuserpt324@test.com
testuserpt325,Test@1234,Testpt325,Userpt325,testuserpt325@test.com
testuserpt326,Test@1234,Testpt326,Userpt326,testuserpt326@test.com
testuserpt327,Test@1234,Testpt327,Userpt327,testuserpt327@test.com
testuserpt328,Test@1234,Testpt328,Userpt328,testuserpt328@test.com
testuserpt329,Test@1234,Testpt329,Userpt329,testuserpt329@test.com
testuserpt330,Test@1234,Testpt330,Userpt330,testuserpt330@test.com
testuserpt331,Test@1234,Testpt331,Userpt331,testuserpt331@test.com
testuserpt332,Test@1234,Testpt332,Userpt332,testuserpt332@test.com
testuserpt333,Test@1234,Testpt333,Userpt333,testuserpt333@test.com
testuserpt334,Test@1234,Testpt334,Userpt334,testuserpt334@test.com
testuserpt335,Test@1234,Testpt335,Userpt335,testuserpt335@test.com
testuserpt336,Test@1234,Testpt336,Userpt336,testuserpt336@test.com
testuserpt337,Test@1234,Testpt337,Userpt337,testuserpt337@test.com
testuserpt338,Test@1234,Testpt338,Userpt338,testuserpt338@test.com
testuserpt339,Test@1234,Testpt339,Userpt339,testuserpt339@test.com
testuserpt340,Test@1234,Testpt340,Userpt340,testuserpt340@test.com
testuserpt341,Test@1234,Testpt341,Userpt341,testuserpt341@test.com
testuserpt342,Test@1234,Testpt342,Userpt342,testuserpt342@test.com
testuserpt343,Test@1234,Testpt343,Userpt343,testuserpt343@test.com
testuserpt344,Test@1234,Testpt344,Userpt344,testuserpt344@test.com
testuserpt345,Test@1234,Testpt345,Userpt345,testuserpt345@test.com
testuserpt346,Test@1234,Testpt346,Userpt346,testuserpt346@test.com
testuserpt347,Test@1234,Testpt347,Userpt347,testuserpt347@test.com
testuserpt348,Test@1234,Testpt348,Userpt348,testuserpt348@test.com
testuserpt349,Test@1234,Testpt349,Userpt349,testuserpt349@test.com
testuserpt350,Test@1234,Testpt350,Userpt350,testuserpt350@test.com
testuserpt351,Test@1234,Testpt351,Userpt351,testuserpt351@test.com
testuserpt352,Test@1234,Testpt352,Userpt352,testuserpt352@test.com
testuserpt353,Test@1234,Testpt353,Userpt353,testuserpt353@test.com
testuserpt354,Test@1234,Testpt354,Userpt354,testuserpt354@test.com
testuserpt355,Test@1234,Testpt355,Userpt355,testuserpt355@test.com
testuserpt356,Test@1234,Testpt356,Userpt356,testuserpt356@test.com
testuserpt357,Test@1234,Testpt357,Userpt357,testuserpt357@test.com
testuserpt358,Test@1234,Testpt358,Userpt358,testuserpt358@test.com
testuserpt359,Test@1234,Testpt359,Userpt359,testuserpt359@test.com
testuserpt360,Test@1234,Testpt360,Userpt360,testuserpt360@test.com
testuserpt361,Test@1234,Testpt361,Userpt361,testuserpt361@test.com
testuserpt362,Test@1234,Testpt362,Userpt362,testuserpt362@test.com
testuserpt363,Test@1234,Testpt363,Userpt363,testuserpt363@test.com
testuserpt364,Test@1234,Testpt364,Userpt364,testuserpt364@test.com
testuserpt365,Test@1234,Testpt365,Userpt365,testuserpt365@test.com
testuserpt366,Test@1234,Testpt366,Userpt366,testuserpt366@test.com
testuserpt367,Test@1234,Testpt367,Userpt367,testuserpt367@test.com
testuserpt368,Test@1234,Testpt368,Userpt368,testuserpt368@test.com
testuserpt369,Test@1234,Testpt369,Userpt369,testuserpt369@test.com
testuserpt370,Test@1234,Testpt370,Userpt370,testuserpt370@test.com
testuserpt371,Test@1234,Testpt371,Userpt371,testuserpt371@test.com
testuserpt372,Test@1234,Testpt372,Userpt372,testuserpt372@test.com
testuserpt373,Test@1234,Testpt373,Userpt373,testuserpt373@test.com
testuserpt374,Test@1234,Testpt374,Userpt374,testuserpt374@test.com
testuserpt375,Test@1234,Testpt375,Userpt375,testuserpt375@test.com
testuserpt376,Test@1234,Testpt376,Userpt376,testuserpt376@test.com
testuserpt377,Test@1234,Testpt377,Userpt377,testuserpt377@test.com
testuserpt378,Test@1234,Testpt378,Userpt378,testuserpt378@test.com
testuserpt379,Test@1234,Testpt379,Userpt379,testuserpt379@test.com
testuserpt380,Test@1234,Testpt380,Userpt380,testuserpt380@test.com
testuserpt381,Test@1234,Testpt381,Userpt381,testuserpt381@test.com
testuserpt382,Test@1234,Testpt382,Userpt382,testuserpt382@test.com
testuserpt383,Test@1234,Testpt383,Userpt383,testuserpt383@test.com
testuserpt384,Test@1234,Testpt384,Userpt384,testuserpt384@test.com
testuserpt385,Test@1234,Testpt385,Userpt385,testuserpt385@test.com
testuserpt386,Test@1234,Testpt386,Userpt386,testuserpt386@test.com
testuserpt387,Test@1234,Testpt387,Userpt387,testuserpt387@test.com
testuserpt388,Test@1234,Testpt388,Userpt388,testuserpt388@test.com
testuserpt389,Test@1234,Testpt389,Userpt389,testuserpt389@test.com
testuserpt390,Test@1234,Testpt390,Userpt390,testuserpt390@test.com
testuserpt391,Test@1234,Testpt391,Userpt391,testuserpt391@test.com
testuserpt392,Test@1234,Testpt392,Userpt392,testuserpt392@test.com
testuserpt393,Test@1234,Testpt393,Userpt393,testuserpt393@test.com
testuserpt394,Test@1234,Testpt394,Userpt394,testuserpt394@test.com
testuserpt395,Test@1234,Testpt395,Userpt395,testuserpt395@test.com
testuserpt396,Test@1234,Testpt396,Userpt396,testuserpt396@test.com
testuserpt397,Test@1234,Testpt397,Userpt397,testuserpt397@test.com
testuserpt398,Test@1234,Testpt398,Userpt398,testuserpt398@test.com
testuserpt399,Test@1234,Testpt399,Userpt399,testuserpt399@test.com
testuserpt400,Test@1234,Testpt400,Userpt400,testuserpt400@test.com
testuserpt401,Test@1234,Testpt401,Userpt401,testuserpt401@test.com
testuserpt402,Test@1234,Testpt402,Userpt402,testuserpt402@test.com
testuserpt403,Test@1234,Testpt403,Userpt403,testuserpt403@test.com
testuserpt404,Test@1234,Testpt404,Userpt404,testuserpt404@test.com
testuserpt405,Test@1234,Testpt405,Userpt405,testuserpt405@test.com
testuserpt406,Test@1234,Testpt406,Userpt406,testuserpt406@test.com
testuserpt407,Test@1234,Testpt407,Userpt407,testuserpt407@test.com
testuserpt408,Test@1234,Testpt408,Userpt408,testuserpt408@test.com
testuserpt409,Test@1234,Testpt409,Userpt409,testuserpt409@test.com
testuserpt410,Test@1234,Testpt410,Userpt410,testuserpt410@test.com
testuserpt411,Test@1234,Testpt411,Userpt411,testuserpt411@test.com
testuserpt412,Test@1234,Testpt412,Userpt412,testuserpt412@test.com
testuserpt413,Test@1234,Testpt413,Userpt413,testuserpt413@test.com
testuserpt414,Test@1234,Testpt414,Userpt414,testuserpt414@test.com
testuserpt415,Test@1234,Testpt415,Userpt415,testuserpt415@test.com
testuserpt416,Test@1234,Testpt416,Userpt416,testuserpt416@test.com
testuserpt417,Test@1234,Testpt417,Userpt417,testuserpt417@test.com
testuserpt418,Test@1234,Testpt418,Userpt418,testuserpt418@test.com
testuserpt419,Test@1234,Testpt419,Userpt419,testuserpt419@test.com
testuserpt420,Test@1234,Testpt420,Userpt420,testuserpt420@test.com
testuserpt421,Test@1234,Testpt421,Userpt421,testuserpt421@test.com
testuserpt422,Test@1234,Testpt422,Userpt422,testuserpt422@test.com
testuserpt423,Test@1234,Testpt423,Userpt423,testuserpt423@test.com
testuserpt424,Test@1234,Testpt424,Userpt424,testuserpt424@test.com
testuserpt425,Test@1234,Testpt425,Userpt425,testuserpt425@test.com
testuserpt426,Test@1234,Testpt426,Userpt426,testuserpt426@test.com
testuserpt427,Test@1234,Testpt427,Userpt427,testuserpt427@test.com
testuserpt428,Test@1234,Testpt428,Userpt428,testuserpt428@test.com
testuserpt429,Test@1234,Testpt429,Userpt429,testuserpt429@test.com
testuserpt430,Test@1234,Testpt430,Userpt430,testuserpt430@test.com
testuserpt431,Test@1234,Testpt431,Userpt431,testuserpt431@test.com
testuserpt432,Test@1234,Testpt432,Userpt432,testuserpt432@test.com
testuserpt433,Test@1234,Testpt433,Userpt433,testuserpt433@test.com
testuserpt434,Test@1234,Testpt434,Userpt434,testuserpt434@test.com
testuserpt435,Test@1234,Testpt435,Userpt435,testuserpt435@test.com
testuserpt436,Test@1234,Testpt436,Userpt436,testuserpt436@test.com
testuserpt437,Test@1234,Testpt437,Userpt437,testuserpt437@test.com
testuserpt438,Test@1234,Testpt438,Userpt438,testuserpt438@test.com
testuserpt439,Test@1234,Testpt439,Userpt439,testuserpt439@test.com
testuserpt440,Test@1234,Testpt440,Userpt440,testuserpt440@test.com
testuserpt441,Test@1234,Testpt441,Userpt441,testuserpt441@test.com
testuserpt442,Test@1234,Testpt442,Userpt442,testuserpt442@test.com
testuserpt443,Test@1234,Testpt443,Userpt443,testuserpt443@test.com
testuserpt444,Test@1234,Testpt444,Userpt444,testuserpt444@test.com
testuserpt445,Test@1234,Testpt445,Userpt445,testuserpt445@test.com
testuserpt446,Test@1234,Testpt446,Userpt446,testuserpt446@test.com
testuserpt447,Test@1234,Testpt447,Userpt447,testuserpt447@test.com
testuserpt448,Test@1234,Testpt448,Userpt448,testuserpt448@test.com
testuserpt449,Test@1234,Testpt449,Userpt449,testuserpt449@test.com
testuserpt450,Test@1234,Testpt450,Userpt450,testuserpt450@test.com
testuserpt451,Test@1234,Testpt451,Userpt451,testuserpt451@test.com
testuserpt452,Test@1234,Testpt452,Userpt452,testuserpt452@test.com
testuserpt453,Test@1234,Testpt453,Userpt453,testuserpt453@test.com
testuserpt454,Test@1234,Testpt454,Userpt454,testuserpt454@test.com
testuserpt455,Test@1234,Testpt455,Userpt455,testuserpt455@test.com
testuserpt456,Test@1234,Testpt456,Userpt456,testuserpt456@test.com
testuserpt457,Test@1234,Testpt457,Userpt457,testuserpt457@test.com
testuserpt458,Test@1234,Testpt458,Userpt458,testuserpt458@test.com
testuserpt459,Test@1234,Testpt459,Userpt459,testuserpt459@test.com
testuserpt460,Test@1234,Testpt460,Userpt460,testuserpt460@test.com
testuserpt461,Test@1234,Testpt461,Userpt461,testuserpt461@test.com
testuserpt462,Test@1234,Testpt462,Userpt462,testuserpt462@test.com
testuserpt463,Test@1234,Testpt463,Userpt463,testuserpt463@test.com
testuserpt464,Test@1234,Testpt464,Userpt464,testuserpt464@test.com
testuserpt465,Test@1234,Testpt465,Userpt465,testuserpt465@test.com
testuserpt466,Test@1234,Testpt466,Userpt466,testuserpt466@test.com
testuserpt467,Test@1234,Testpt467,Userpt467,testuserpt467@test.com
testuserpt468,Test@1234,Testpt468,Userpt468,testuserpt468@test.com
testuserpt469,Test@1234,Testpt469,Userpt469,testuserpt469@test.com
testuserpt470,Test@1234,Testpt470,Userpt470,testuserpt470@test.com
testuserpt471,Test@1234,Testpt471,Userpt471,testuserpt471@test.com
testuserpt472,Test@1234,Testpt472,Userpt472,testuserpt472@test.com
testuserpt473,Test@1234,Testpt473,Userpt473,testuserpt473@test.com
testuserpt474,Test@1234,Testpt474,Userpt474,testuserpt474@test.com
testuserpt475,Test@1234,Testpt475,Userpt475,testuserpt475@test.com
testuserpt476,Test@1234,Testpt476,Userpt476,testuserpt476@test.com
testuserpt477,Test@1234,Testpt477,Userpt477,testuserpt477@test.com
testuserpt478,Test@1234,Testpt478,Userpt478,testuserpt478@test.com
testuserpt479,Test@1234,Testpt479,Userpt479,testuserpt479@test.com
testuserpt480,Test@1234,Testpt480,Userpt480,testuserpt480@test.com
testuserpt481,Test@1234,Testpt481,Userpt481,testuserpt481@test.com
testuserpt482,Test@1234,Testpt482,Userpt482,testuserpt482@test.com
testuserpt483,Test@1234,Testpt483,Userpt483,testuserpt483@test.com
testuserpt484,Test@1234,Testpt484,Userpt484,testuserpt484@test.com
testuserpt485,Test@1234,Testpt485,Userpt485,testuserpt485@test.com
testuserpt486,Test@1234,Testpt486,Userpt486,testuserpt486@test.com
testuserpt487,Test@1234,Testpt487,Userpt487,testuserpt487@test.com
testuserpt488,Test@1234,Testpt488,Userpt488,testuserpt488@test.com
testuserpt489,Test@1234,Testpt489,Userpt489,testuserpt489@test.com
testuserpt490,Test@1234,Testpt490,Userpt490,testuserpt490@test.com
testuserpt491,Test@1234,Testpt491,Userpt491,testuserpt491@test.com
testuserpt492,Test@1234,Testpt492,Userpt492,testuserpt492@test.com
testuserpt493,Test@1234,Testpt493,Userpt493,testuserpt493@test.com
testuserpt494,Test@1234,Testpt494,Userpt494,testuserpt494@test.com
testuserpt495,Test@1234,Testpt495,Userpt495,testuserpt495@test.com
testuserpt496,Test@1234,Testpt496,Userpt496,testuserpt496@test.com
testuserpt497,Test@1234,Testpt497,Userpt497,testuserpt497@test.com
testuserpt498,Test@1234,Testpt498,Userpt498,testuserpt498@test.com
testuserpt499,Test@1234,Testpt499,Userpt499,testuserpt499@test.com
testuserpt500,Test@1234,Testpt500,Userpt500,testuserpt500@test.com
testuserpt501,Test@1234,Testpt501,Userpt501,testuserpt501@test.com
testuserpt502,Test@1234,Testpt502,Userpt502,testuserpt502@test.com
testuserpt503,Test@1234,Testpt503,Userpt503,testuserpt503@test.com
testuserpt504,Test@1234,Testpt504,Userpt504,testuserpt504@test.com
testuserpt505,Test@1234,Testpt505,Userpt505,testuserpt505@test.com
testuserpt506,Test@1234,Testpt506,Userpt506,testuserpt506@test.com
testuserpt507,Test@1234,Testpt507,Userpt507,testuserpt507@test.com
testuserpt508,Test@1234,Testpt508,Userpt508,testuserpt508@test.com
testuserpt509,Test@1234,Testpt509,Userpt509,testuserpt509@test.com
testuserpt510,Test@1234,Testpt510,Userpt510,testuserpt510@test.com
testuserpt511,Test@1234,Testpt511,Userpt511,testuserpt511@test.com
testuserpt512,Test@1234,Testpt512,Userpt512,testuserpt512@test.com
testuserpt513,Test@1234,Testpt513,Userpt513,testuserpt513@test.com
testuserpt514,Test@1234,Testpt514,Userpt514,testuserpt514@test.com
testuserpt515,Test@1234,Testpt515,Userpt515,testuserpt515@test.com
testuserpt516,Test@1234,Testpt516,Userpt516,testuserpt516@test.com
testuserpt517,Test@1234,Testpt517,Userpt517,testuserpt517@test.com
testuserpt518,Test@1234,Testpt518,Userpt518,testuserpt518@test.com
testuserpt519,Test@1234,Testpt519,Userpt519,testuserpt519@test.com
testuserpt520,Test@1234,Testpt520,Userpt520,testuserpt520@test.com
testuserpt521,Test@1234,Testpt521,Userpt521,testuserpt521@test.com
testuserpt522,Test@1234,Testpt522,Userpt522,testuserpt522@test.com
testuserpt523,Test@1234,Testpt523,Userpt523,testuserpt523@test.com
testuserpt524,Test@1234,Testpt524,Userpt524,testuserpt524@test.com
testuserpt525,Test@1234,Testpt525,Userpt525,testuserpt525@test.com
testuserpt526,Test@1234,Testpt526,Userpt526,testuserpt526@test.com
testuserpt527,Test@1234,Testpt527,Userpt527,testuserpt527@test.com
testuserpt528,Test@1234,Testpt528,Userpt528,testuserpt528@test.com
testuserpt529,Test@1234,Testpt529,Userpt529,testuserpt529@test.com
testuserpt530,Test@1234,Testpt530,Userpt530,testuserpt530@test.com
testuserpt531,Test@1234,Testpt531,Userpt531,testuserpt531@test.com
testuserpt532,Test@1234,Testpt532,Userpt532,testuserpt532@test.com
testuserpt533,Test@1234,Testpt533,Userpt533,testuserpt533@test.com
testuserpt534,Test@1234,Testpt534,Userpt534,testuserpt534@test.com
testuserpt535,Test@1234,Testpt535,Userpt535,testuserpt535@test.com
testuserpt536,Test@1234,Testpt536,Userpt536,testuserpt536@test.com
testuserpt537,Test@1234,Testpt537,Userpt537,testuserpt537@test.com
testuserpt538,Test@1234,Testpt538,Userpt538,testuserpt538@test.com
testuserpt539,Test@1234,Testpt539,Userpt539,testuserpt539@test.com
testuserpt540,Test@1234,Testpt540,Userpt540,testuserpt540@test.com
testuserpt541,Test@1234,Testpt541,Userpt541,testuserpt541@test.com
testuserpt542,Test@1234,Testpt542,Userpt542,testuserpt542@test.com
testuserpt543,Test@1234,Testpt543,Userpt543,testuserpt543@test.com
testuserpt544,Test@1234,Testpt544,Userpt544,testuserpt544@test.com
testuserpt545,Test@1234,Testpt545,Userpt545,testuserpt545@test.com
testuserpt546,Test@1234,Testpt546,Userpt546,testuserpt546@test.com
testuserpt547,Test@1234,Testpt547,Userpt547,testuserpt547@test.com
testuserpt548,Test@1234,Testpt548,Userpt548,testuserpt548@test.com
testuserpt549,Test@1234,Testpt549,Userpt549,testuserpt549@test.com
testuserpt550,Test@1234,Testpt550,Userpt550,testuserpt550@test.com
testuserpt551,Test@1234,Testpt551,Userpt551,testuserpt551@test.com
testuserpt552,Test@1234,Testpt552,Userpt552,testuserpt552@test.com
testuserpt553,Test@1234,Testpt553,Userpt553,testuserpt553@test.com
testuserpt554,Test@1234,Testpt554,Userpt554,testuserpt554@test.com
testuserpt555,Test@1234,Testpt555,Userpt555,testuserpt555@test.com
testuserpt556,Test@1234,Testpt556,Userpt556,testuserpt556@test.com
testuserpt557,Test@1234,Testpt557,Userpt557,testuserpt557@test.com
testuserpt558,Test@1234,Testpt558,Userpt558,testuserpt558@test.com
testuserpt559,Test@1234,Testpt559,Userpt559,testuserpt559@test.com
testuserpt560,Test@1234,Testpt560,Userpt560,testuserpt560@test.com
testuserpt561,Test@1234,Testpt561,Userpt561,testuserpt561@test.com
testuserpt562,Test@1234,Testpt562,Userpt562,testuserpt562@test.com
testuserpt563,Test@1234,Testpt563,Userpt563,testuserpt563@test.com
testuserpt564,Test@1234,Testpt564,Userpt564,testuserpt564@test.com
testuserpt565,Test@1234,Testpt565,Userpt565,testuserpt565@test.com
testuserpt566,Test@1234,Testpt566,Userpt566,testuserpt566@test.com
testuserpt567,Test@1234,Testpt567,Userpt567,testuserpt567@test.com
testuserpt568,Test@1234,Testpt568,Userpt568,testuserpt568@test.com
testuserpt569,Test@1234,Testpt569,Userpt569,testuserpt569@test.com
testuserpt570,Test@1234,Testpt570,Userpt570,testuserpt570@test.com
testuserpt571,Test@1234,Testpt571,Userpt571,testuserpt571@test.com
testuserpt572,Test@1234,Testpt572,Userpt572,testuserpt572@test.com
testuserpt573,Test@1234,Testpt573,Userpt573,testuserpt573@test.com
testuserpt574,Test@1234,Testpt574,Userpt574,testuserpt574@test.com
testuserpt575,Test@1234,Testpt575,Userpt575,testuserpt575@test.com
testuserpt576,Test@1234,Testpt576,Userpt576,testuserpt576@test.com
testuserpt577,Test@1234,Testpt577,Userpt577,testuserpt577@test.com
testuserpt578,Test@1234,Testpt578,Userpt578,testuserpt578@test.com
testuserpt579,Test@1234,Testpt579,Userpt579,testuserpt579@test.com
testuserpt580,Test@1234,Testpt580,Userpt580,testuserpt580@test.com
testuserpt581,Test@1234,Testpt581,Userpt581,testuserpt581@test.com
testuserpt582,Test@1234,Testpt582,Userpt582,testuserpt582@test.com
testuserpt583,Test@1234,Testpt583,Userpt583,testuserpt583@test.com
testuserpt584,Test@1234,Testpt584,Userpt584,testuserpt584@test.com
testuserpt585,Test@1234,Testpt585,Userpt585,testuserpt585@test.com
testuserpt586,Test@1234,Testpt586,Userpt586,testuserpt586@test.com
testuserpt587,Test@1234,Testpt587,Userpt587,testuserpt587@test.com
testuserpt588,Test@1234,Testpt588,Userpt588,testuserpt588@test.com
testuserpt589,Test@1234,Testpt589,Userpt589,testuserpt589@test.com
testuserpt590,Test@1234,Testpt590,Userpt590,testuserpt590@test.com
testuserpt591,Test@1234,Testpt591,Userpt591,testuserpt591@test.com
testuserpt592,Test@1234,Testpt592,Userpt592,testuserpt592@test.com
testuserpt593,Test@1234,Testpt593,Userpt593,testuserpt593@test.com
testuserpt594,Test@1234,Testpt594,Userpt594,testuserpt594@test.com
testuserpt595,Test@1234,Testpt595,Userpt595,testuserpt595@test.com
testuserpt596,Test@1234,Testpt596,Userpt596,testuserpt596@test.com
testuserpt597,Test@1234,Testpt597,Userpt597,testuserpt597@test.com
testuserpt598,Test@1234,Testpt598,Userpt598,testuserpt598@test.com
testuserpt599,Test@1234,Testpt599,Userpt599,testuserpt599@test.com
testuserpt600,Test@1234,Testpt600,Userpt600,testuserpt600@test.com
testuserpt601,Test@1234,Testpt601,Userpt601,testuserpt601@test.com
testuserpt602,Test@1234,Testpt602,Userpt602,testuserpt602@test.com
testuserpt603,Test@1234,Testpt603,Userpt603,testuserpt603@test.com
testuserpt604,Test@1234,Testpt604,Userpt604,testuserpt604@test.com
testuserpt605,Test@1234,Testpt605,Userpt605,testuserpt605@test.com
testuserpt606,Test@1234,Testpt606,Userpt606,testuserpt606@test.com
testuserpt607,Test@1234,Testpt607,Userpt607,testuserpt607@test.com
testuserpt608,Test@1234,Testpt608,Userpt608,testuserpt608@test.com
testuserpt609,Test@1234,Testpt609,Userpt609,testuserpt609@test.com
testuserpt610,Test@1234,Testpt610,Userpt610,testuserpt610@test.com
testuserpt611,Test@1234,Testpt611,Userpt611,testuserpt611@test.com
testuserpt612,Test@1234,Testpt612,Userpt612,testuserpt612@test.com
testuserpt613,Test@1234,Testpt613,Userpt613,testuserpt613@test.com
testuserpt614,Test@1234,Testpt614,Userpt614,testuserpt614@test.com
testuserpt615,Test@1234,Testpt615,Userpt615,testuserpt615@test.com
testuserpt616,Test@1234,Testpt616,Userpt616,testuserpt616@test.com
testuserpt617,Test@1234,Testpt617,Userpt617,testuserpt617@test.com
testuserpt618,Test@1234,Testpt618,Userpt618,testuserpt618@test.com
testuserpt619,Test@1234,Testpt619,Userpt619,testuserpt619@test.com
testuserpt620,Test@1234,Testpt620,Userpt620,testuserpt620@test.com
testuserpt621,Test@1234,Testpt621,Userpt621,testuserpt621@test.com
testuserpt622,Test@1234,Testpt622,Userpt622,testuserpt622@test.com
testuserpt623,Test@1234,Testpt623,Userpt623,testuserpt623@test.com
testuserpt624,Test@1234,Testpt624,Userpt624,testuserpt624@test.com
testuserpt625,Test@1234,Testpt625,Userpt625,testuserpt625@test.com
testuserpt626,Test@1234,Testpt626,Userpt626,testuserpt626@test.com
testuserpt627,Test@1234,Testpt627,Userpt627,testuserpt627@test.com
testuserpt628,Test@1234,Testpt628,Userpt628,testuserpt628@test.com
testuserpt629,Test@1234,Testpt629,Userpt629,testuserpt629@test.com
testuserpt630,Test@1234,Testpt630,Userpt630,testuserpt630@test.com
testuserpt631,Test@1234,Testpt631,Userpt631,testuserpt631@test.com
testuserpt632,Test@1234,Testpt632,Userpt632,testuserpt632@test.com
testuserpt633,Test@1234,Testpt633,Userpt633,testuserpt633@test.com
testuserpt634,Test@1234,Testpt634,Userpt634,testuserpt634@test.com
testuserpt635,Test@1234,Testpt635,Userpt635,testuserpt635@test.com
testuserpt636,Test@1234,Testpt636,Userpt636,testuserpt636@test.com
testuserpt637,Test@1234,Testpt637,Userpt637,testuserpt637@test.com
testuserpt638,Test@1234,Testpt638,Userpt638,testuserpt638@test.com
testuserpt639,Test@1234,Testpt639,Userpt639,testuserpt639@test.com
testuserpt640,Test@1234,Testpt640,Userpt640,testuserpt640@test.com
testuserpt641,Test@1234,Testpt641,Userpt641,testuserpt641@test.com
testuserpt642,Test@1234,Testpt642,Userpt642,testuserpt642@test.com
testuserpt643,Test@1234,Testpt643,Userpt643,testuserpt643@test.com
testuserpt644,Test@1234,Testpt644,Userpt644,testuserpt644@test.com
testuserpt645,Test@1234,Testpt645,Userpt645,testuserpt645@test.com
testuserpt646,Test@1234,Testpt646,Userpt646,testuserpt646@test.com
testuserpt647,Test@1234,Testpt647,Userpt647,testuserpt647@test.com
testuserpt648,Test@1234,Testpt648,Userpt648,testuserpt648@test.com
testuserpt649,Test@1234,Testpt649,Userpt649,testuserpt649@test.com
testuserpt650,Test@1234,Testpt650,Userpt650,testuserpt650@test.com
testuserpt651,Test@1234,Testpt651,Userpt651,testuserpt651@test.com
testuserpt652,Test@1234,Testpt652,Userpt652,testuserpt652@test.com
testuserpt653,Test@1234,Testpt653,Userpt653,testuserpt653@test.com
testuserpt654,Test@1234,Testpt654,Userpt654,testuserpt654@test.com
testuserpt655,Test@1234,Testpt655,Userpt655,testuserpt655@test.com
testuserpt656,Test@1234,Testpt656,Userpt656,testuserpt656@test.com
testuserpt657,Test@1234,Testpt657,Userpt657,testuserpt657@test.com
testuserpt658,Test@1234,Testpt658,Userpt658,testuserpt658@test.com
testuserpt659,Test@1234,Testpt659,Userpt659,testuserpt659@test.com
testuserpt660,Test@1234,Testpt660,Userpt660,testuserpt660@test.com
testuserpt661,Test@1234,Testpt661,Userpt661,testuserpt661@test.com
testuserpt662,Test@1234,Testpt662,Userpt662,testuserpt662@test.com
testuserpt663,Test@1234,Testpt663,Userpt663,testuserpt663@test.com
testuserpt664,Test@1234,Testpt664,Userpt664,testuserpt664@test.com
testuserpt665,Test@1234,Testpt665,Userpt665,testuserpt665@test.com
testuserpt666,Test@1234,Testpt666,Userpt666,testuserpt666@test.com
testuserpt667,Test@1234,Testpt667,Userpt667,testuserpt667@test.com
testuserpt668,Test@1234,Testpt668,Userpt668,testuserpt668@test.com
testuserpt669,Test@1234,Testpt669,Userpt669,testuserpt669@test.com
testuserpt670,Test@1234,Testpt670,Userpt670,testuserpt670@test.com
testuserpt671,Test@1234,Testpt671,Userpt671,testuserpt671@test.com
testuserpt672,Test@1234,Testpt672,Userpt672,testuserpt672@test.com
testuserpt673,Test@1234,Testpt673,Userpt673,testuserpt673@test.com
testuserpt674,Test@1234,Testpt674,Userpt674,testuserpt674@test.com
testuserpt675,Test@1234,Testpt675,Userpt675,testuserpt675@test.com
testuserpt676,Test@1234,Testpt676,Userpt676,testuserpt676@test.com
testuserpt677,Test@1234,Testpt677,Userpt677,testuserpt677@test.com
testuserpt678,Test@1234,Testpt678,Userpt678,testuserpt678@test.com
testuserpt679,Test@1234,Testpt679,Userpt679,testuserpt679@test.com
testuserpt680,Test@1234,Testpt680,Userpt680,testuserpt680@test.com
testuserpt681,Test@1234,Testpt681,Userpt681,testuserpt681@test.com
testuserpt682,Test@1234,Testpt682,Userpt682,testuserpt682@test.com
testuserpt683,Test@1234,Testpt683,Userpt683,testuserpt683@test.com
testuserpt684,Test@1234,Testpt684,Userpt684,testuserpt684@test.com
testuserpt685,Test@1234,Testpt685,Userpt685,testuserpt685@test.com
testuserpt686,Test@1234,Testpt686,Userpt686,testuserpt686@test.com
testuserpt687,Test@1234,Testpt687,Userpt687,testuserpt687@test.com
testuserpt688,Test@1234,Testpt688,Userpt688,testuserpt688@test.com
testuserpt689,Test@1234,Testpt689,Userpt689,testuserpt689@test.com
testuserpt690,Test@1234,Testpt690,Userpt690,testuserpt690@test.com
testuserpt691,Test@1234,Testpt691,Userpt691,testuserpt691@test.com
testuserpt692,Test@1234,Testpt692,Userpt692,testuserpt692@test.com
testuserpt693,Test@1234,Testpt693,Userpt693,testuserpt693@test.com
testuserpt694,Test@1234,Testpt694,Userpt694,testuserpt694@test.com
testuserpt695,Test@1234,Testpt695,Userpt695,testuserpt695@test.com
testuserpt696,Test@1234,Testpt696,Userpt696,testuserpt696@test.com
testuserpt697,Test@1234,Testpt697,Userpt697,testuserpt697@test.com
testuserpt698,Test@1234,Testpt698,Userpt698,testuserpt698@test.com
testuserpt699,Test@1234,Testpt699,Userpt699,testuserpt699@test.com
testuserpt700,Test@1234,Testpt700,Userpt700,testuserpt700@test.com
testuserpt701,Test@1234,Testpt701,Userpt701,testuserpt701@test.com
testuserpt702,Test@1234,Testpt702,Userpt702,testuserpt702@test.com
testuserpt703,Test@1234,Testpt703,Userpt703,testuserpt703@test.com
testuserpt704,Test@1234,Testpt704,Userpt704,testuserpt704@test.com
testuserpt705,Test@1234,Testpt705,Userpt705,testuserpt705@test.com
testuserpt706,Test@1234,Testpt706,Userpt706,testuserpt706@test.com
testuserpt707,Test@1234,Testpt707,Userpt707,testuserpt707@test.com
testuserpt708,Test@1234,Testpt708,Userpt708,testuserpt708@test.com
testuserpt709,Test@1234,Testpt709,Userpt709,testuserpt709@test.com
testuserpt710,Test@1234,Testpt710,Userpt710,testuserpt710@test.com
testuserpt711,Test@1234,Testpt711,Userpt711,testuserpt711@test.com
testuserpt712,Test@1234,Testpt712,Userpt712,testuserpt712@test.com
testuserpt713,Test@1234,Testpt713,Userpt713,testuserpt713@test.com
testuserpt714,Test@1234,Testpt714,Userpt714,testuserpt714@test.com
testuserpt715,Test@1234,Testpt715,Userpt715,testuserpt715@test.com
testuserpt716,Test@1234,Testpt716,Userpt716,testuserpt716@test.com
testuserpt717,Test@1234,Testpt717,Userpt717,testuserpt717@test.com
testuserpt718,Test@1234,Testpt718,Userpt718,testuserpt718@test.com
testuserpt719,Test@1234,Testpt719,Userpt719,testuserpt719@test.com
testuserpt720,Test@1234,Testpt720,Userpt720,testuserpt720@test.com
testuserpt721,Test@1234,Testpt721,Userpt721,testuserpt721@test.com
testuserpt722,Test@1234,Testpt722,Userpt722,testuserpt722@test.com
testuserpt723,Test@1234,Testpt723,Userpt723,testuserpt723@test.com
testuserpt724,Test@1234,Testpt724,Userpt724,testuserpt724@test.com
testuserpt725,Test@1234,Testpt725,Userpt725,testuserpt725@test.com
testuserpt726,Test@1234,Testpt726,Userpt726,testuserpt726@test.com
testuserpt727,Test@1234,Testpt727,Userpt727,testuserpt727@test.com
testuserpt728,Test@1234,Testpt728,Userpt728,testuserpt728@test.com
testuserpt729,Test@1234,Testpt729,Userpt729,testuserpt729@test.com
testuserpt730,Test@1234,Testpt730,Userpt730,testuserpt730@test.com
testuserpt731,Test@1234,Testpt731,Userpt731,testuserpt731@test.com
testuserpt732,Test@1234,Testpt732,Userpt732,testuserpt732@test.com
testuserpt733,Test@1234,Testpt733,Userpt733,testuserpt733@test.com
testuserpt734,Test@1234,Testpt734,Userpt734,testuserpt734@test.com
testuserpt735,Test@1234,Testpt735,Userpt735,testuserpt735@test.com
testuserpt736,Test@1234,Testpt736,Userpt736,testuserpt736@test.com
testuserpt737,Test@1234,Testpt737,Userpt737,testuserpt737@test.com
testuserpt738,Test@1234,Testpt738,Userpt738,testuserpt738@test.com
testuserpt739,Test@1234,Testpt739,Userpt739,testuserpt739@test.com
testuserpt740,Test@1234,Testpt740,Userpt740,testuserpt740@test.com
testuserpt741,Test@1234,Testpt741,Userpt741,testuserpt741@test.com
testuserpt742,Test@1234,Testpt742,Userpt742,testuserpt742@test.com
testuserpt743,Test@1234,Testpt743,Userpt743,testuserpt743@test.com
testuserpt744,Test@1234,Testpt744,Userpt744,testuserpt744@test.com
testuserpt745,Test@1234,Testpt745,Userpt745,testuserpt745@test.com
testuserpt746,Test@1234,Testpt746,Userpt746,testuserpt746@test.com
testuserpt747,Test@1234,Testpt747,Userpt747,testuserpt747@test.com
testuserpt748,Test@1234,Testpt748,Userpt748,testuserpt748@test.com
testuserpt749,Test@1234,Testpt749,Userpt749,testuserpt749@test.com
testuserpt750,Test@1234,Testpt750,Userpt750,testuserpt750@test.com
testuserpt751,Test@1234,Testpt751,Userpt751,testuserpt751@test.com
testuserpt752,Test@1234,Testpt752,Userpt752,testuserpt752@test.com
testuserpt753,Test@1234,Testpt753,Userpt753,testuserpt753@test.com
testuserpt754,Test@1234,Testpt754,Userpt754,testuserpt754@test.com
testuserpt755,Test@1234,Testpt755,Userpt755,testuserpt755@test.com
testuserpt756,Test@1234,Testpt756,Userpt756,testuserpt756@test.com
testuserpt757,Test@1234,Testpt757,Userpt757,testuserpt757@test.com
testuserpt758,Test@1234,Testpt758,Userpt758,testuserpt758@test.com
testuserpt759,Test@1234,Testpt759,Userpt759,testuserpt759@test.com
testuserpt760,Test@1234,Testpt760,Userpt760,testuserpt760@test.com
testuserpt761,Test@1234,Testpt761,Userpt761,testuserpt761@test.com
testuserpt762,Test@1234,Testpt762,Userpt762,testuserpt762@test.com
testuserpt763,Test@1234,Testpt763,Userpt763,testuserpt763@test.com
testuserpt764,Test@1234,Testpt764,Userpt764,testuserpt764@test.com
testuserpt765,Test@1234,Testpt765,Userpt765,testuserpt765@test.com
testuserpt766,Test@1234,Testpt766,Userpt766,testuserpt766@test.com
testuserpt767,Test@1234,Testpt767,Userpt767,testuserpt767@test.com
testuserpt768,Test@1234,Testpt768,Userpt768,testuserpt768@test.com
testuserpt769,Test@1234,Testpt769,Userpt769,testuserpt769@test.com
testuserpt770,Test@1234,Testpt770,Userpt770,testuserpt770@test.com
testuserpt771,Test@1234,Testpt771,Userpt771,testuserpt771@test.com
testuserpt772,Test@1234,Testpt772,Userpt772,testuserpt772@test.com
testuserpt773,Test@1234,Testpt773,Userpt773,testuserpt773@test.com
testuserpt774,Test@1234,Testpt774,Userpt774,testuserpt774@test.com
testuserpt775,Test@1234,Testpt775,Userpt775,testuserpt775@test.com
testuserpt776,Test@1234,Testpt776,Userpt776,testuserpt776@test.com
testuserpt777,Test@1234,Testpt777,Userpt777,testuserpt777@test.com
testuserpt778,Test@1234,Testpt778,Userpt778,testuserpt778@test.com
testuserpt779,Test@1234,Testpt779,Userpt779,testuserpt779@test.com
testuserpt780,Test@1234,Testpt780,Userpt780,testuserpt780@test.com
testuserpt781,Test@1234,Testpt781,Userpt781,testuserpt781@test.com
testuserpt782,Test@1234,Testpt782,Userpt782,testuserpt782@test.com
testuserpt783,Test@1234,Testpt783,Userpt783,testuserpt783@test.com
testuserpt784,Test@1234,Testpt784,Userpt784,testuserpt784@test.com
testuserpt785,Test@1234,Testpt785,Userpt785,testuserpt785@test.com
testuserpt786,Test@1234,Testpt786,Userpt786,testuserpt786@test.com
testuserpt787,Test@1234,Testpt787,Userpt787,testuserpt787@test.com
testuserpt788,Test@1234,Testpt788,Userpt788,testuserpt788@test.com
testuserpt789,Test@1234,Testpt789,Userpt789,testuserpt789@test.com
testuserpt790,Test@1234,Testpt790,Userpt790,testuserpt790@test.com
testuserpt791,Test@1234,Testpt791,Userpt791,testuserpt791@test.com
testuserpt792,Test@1234,Testpt792,Userpt792,testuserpt792@test.com
testuserpt793,Test@1234,Testpt793,Userpt793,testuserpt793@test.com
testuserpt794,Test@1234,Testpt794,Userpt794,testuserpt794@test.com
testuserpt795,Test@1234,Testpt795,Userpt795,testuserpt795@test.com
testuserpt796,Test@1234,Testpt796,Userpt796,testuserpt796@test.com
testuserpt797,Test@1234,Testpt797,Userpt797,testuserpt797@test.com
testuserpt798,Test@1234,Testpt798,Userpt798,testuserpt798@test.com
testuserpt799,Test@1234,Testpt799,Userpt799,testuserpt799@test.com
testuserpt800,Test@1234,Testpt800,Userpt800,testuserpt800@test.com
testuserpt801,Test@1234,Testpt801,Userpt801,testuserpt801@test.com
testuserpt802,Test@1234,Testpt802,Userpt802,testuserpt802@test.com
testuserpt803,Test@1234,Testpt803,Userpt803,testuserpt803@test.com
testuserpt804,Test@1234,Testpt804,Userpt804,testuserpt804@test.com
testuserpt805,Test@1234,Testpt805,Userpt805,testuserpt805@test.com
testuserpt806,Test@1234,Testpt806,Userpt806,testuserpt806@test.com
testuserpt807,Test@1234,Testpt807,Userpt807,testuserpt807@test.com
testuserpt808,Test@1234,Testpt808,Userpt808,testuserpt808@test.com
testuserpt809,Test@1234,Testpt809,Userpt809,testuserpt809@test.com
testuserpt810,Test@1234,Testpt810,Userpt810,testuserpt810@test.com
testuserpt811,Test@1234,Testpt811,Userpt811,testuserpt811@test.com
testuserpt812,Test@1234,Testpt812,Userpt812,testuserpt812@test.com
testuserpt813,Test@1234,Testpt813,Userpt813,testuserpt813@test.com
testuserpt814,Test@1234,Testpt814,Userpt814,testuserpt814@test.com
testuserpt815,Test@1234,Testpt815,Userpt815,testuserpt815@test.com
testuserpt816,Test@1234,Testpt816,Userpt816,testuserpt816@test.com
testuserpt817,Test@1234,Testpt817,Userpt817,testuserpt817@test.com
testuserpt818,Test@1234,Testpt818,Userpt818,testuserpt818@test.com
testuserpt819,Test@1234,Testpt819,Userpt819,testuserpt819@test.com
testuserpt820,Test@1234,Testpt820,Userpt820,testuserpt820@test.com
testuserpt821,Test@1234,Testpt821,Userpt821,testuserpt821@test.com
testuserpt822,Test@1234,Testpt822,Userpt822,testuserpt822@test.com
testuserpt823,Test@1234,Testpt823,Userpt823,testuserpt823@test.com
testuserpt824,Test@1234,Testpt824,Userpt824,testuserpt824@test.com
testuserpt825,Test@1234,Testpt825,Userpt825,testuserpt825@test.com
testuserpt826,Test@1234,Testpt826,Userpt826,testuserpt826@test.com
testuserpt827,Test@1234,Testpt827,Userpt827,testuserpt827@test.com
testuserpt828,Test@1234,Testpt828,Userpt828,testuserpt828@test.com
testuserpt829,Test@1234,Testpt829,Userpt829,testuserpt829@test.com
testuserpt830,Test@1234,Testpt830,Userpt830,testuserpt830@test.com
testuserpt831,Test@1234,Testpt831,Userpt831,testuserpt831@test.com
testuserpt832,Test@1234,Testpt832,Userpt832,testuserpt832@test.com
testuserpt833,Test@1234,Testpt833,Userpt833,testuserpt833@test.com
testuserpt834,Test@1234,Testpt834,Userpt834,testuserpt834@test.com
testuserpt835,Test@1234,Testpt835,Userpt835,testuserpt835@test.com
testuserpt836,Test@1234,Testpt836,Userpt836,testuserpt836@test.com
testuserpt837,Test@1234,Testpt837,Userpt837,testuserpt837@test.com
testuserpt838,Test@1234,Testpt838,Userpt838,testuserpt838@test.com
testuserpt839,Test@1234,Testpt839,Userpt839,testuserpt839@test.com
testuserpt840,Test@1234,Testpt840,Userpt840,testuserpt840@test.com
testuserpt841,Test@1234,Testpt841,Userpt841,testuserpt841@test.com
testuserpt842,Test@1234,Testpt842,Userpt842,testuserpt842@test.com
testuserpt843,Test@1234,Testpt843,Userpt843,testuserpt843@test.com
testuserpt844,Test@1234,Testpt844,Userpt844,testuserpt844@test.com
testuserpt845,Test@1234,Testpt845,Userpt845,testuserpt845@test.com
testuserpt846,Test@1234,Testpt846,Userpt846,testuserpt846@test.com
testuserpt847,Test@1234,Testpt847,Userpt847,testuserpt847@test.com
testuserpt848,Test@1234,Testpt848,Userpt848,testuserpt848@test.com
testuserpt849,Test@1234,Testpt849,Userpt849,testuserpt849@test.com
testuserpt850,Test@1234,Testpt850,Userpt850,testuserpt850@test.com
testuserpt851,Test@1234,Testpt851,Userpt851,testuserpt851@test.com
testuserpt852,Test@1234,Testpt852,Userpt852,testuserpt852@test.com
testuserpt853,Test@1234,Testpt853,Userpt853,testuserpt853@test.com
testuserpt854,Test@1234,Testpt854,Userpt854,testuserpt854@test.com
testuserpt855,Test@1234,Testpt855,Userpt855,testuserpt855@test.com
testuserpt856,Test@1234,Testpt856,Userpt856,testuserpt856@test.com
testuserpt857,Test@1234,Testpt857,Userpt857,testuserpt857@test.com
testuserpt858,Test@1234,Testpt858,Userpt858,testuserpt858@test.com
testuserpt859,Test@1234,Testpt859,Userpt859,testuserpt859@test.com
testuserpt860,Test@1234,Testpt860,Userpt860,testuserpt860@test.com
testuserpt861,Test@1234,Testpt861,Userpt861,testuserpt861@test.com
testuserpt862,Test@1234,Testpt862,Userpt862,testuserpt862@test.com
testuserpt863,Test@1234,Testpt863,Userpt863,testuserpt863@test.com
testuserpt864,Test@1234,Testpt864,Userpt864,testuserpt864@test.com
testuserpt865,Test@1234,Testpt865,Userpt865,testuserpt865@test.com
testuserpt866,Test@1234,Testpt866,Userpt866,testuserpt866@test.com
testuserpt867,Test@1234,Testpt867,Userpt867,testuserpt867@test.com
testuserpt868,Test@1234,Testpt868,Userpt868,testuserpt868@test.com
testuserpt869,Test@1234,Testpt869,Userpt869,testuserpt869@test.com
testuserpt870,Test@1234,Testpt870,Userpt870,testuserpt870@test.com
testuserpt871,Test@1234,Testpt871,Userpt871,testuserpt871@test.com
testuserpt872,Test@1234,Testpt872,Userpt872,testuserpt872@test.com
testuserpt873,Test@1234,Testpt873,Userpt873,testuserpt873@test.com
testuserpt874,Test@1234,Testpt874,Userpt874,testuserpt874@test.com
testuserpt875,Test@1234,Testpt875,Userpt875,testuserpt875@test.com
testuserpt876,Test@1234,Testpt876,Userpt876,testuserpt876@test.com
testuserpt877,Test@1234,Testpt877,Userpt877,testuserpt877@test.com
testuserpt878,Test@1234,Testpt878,Userpt878,testuserpt878@test.com
testuserpt879,Test@1234,Testpt879,Userpt879,testuserpt879@test.com
testuserpt880,Test@1234,Testpt880,Userpt880,testuserpt880@test.com
testuserpt881,Test@1234,Testpt881,Userpt881,testuserpt881@test.com
testuserpt882,Test@1234,Testpt882,Userpt882,testuserpt882@test.com
testuserpt883,Test@1234,Testpt883,Userpt883,testuserpt883@test.com
testuserpt884,Test@1234,Testpt884,Userpt884,testuserpt884@test.com
testuserpt885,Test@1234,Testpt885,Userpt885,testuserpt885@test.com
testuserpt886,Test@1234,Testpt886,Userpt886,testuserpt886@test.com
testuserpt887,Test@1234,Testpt887,Userpt887,testuserpt887@test.com
testuserpt888,Test@1234,Testpt888,Userpt888,testuserpt888@test.com
testuserpt889,Test@1234,Testpt889,Userpt889,testuserpt889@test.com
testuserpt890,Test@1234,Testpt890,Userpt890,testuserpt890@test.com
testuserpt891,Test@1234,Testpt891,Userpt891,testuserpt891@test.com
testuserpt892,Test@1234,Testpt892,Userpt892,testuserpt892@test.com
testuserpt893,Test@1234,Testpt893,Userpt893,testuserpt893@test.com
testuserpt894,Test@1234,Testpt894,Userpt894,testuserpt894@test.com
testuserpt895,Test@1234,Testpt895,Userpt895,testuserpt895@test.com
testuserpt896,Test@1234,Testpt896,Userpt896,testuserpt896@test.com
testuserpt897,Test@1234,Testpt897,Userpt897,testuserpt897@test.com
testuserpt898,Test@1234,Testpt898,Userpt898,testuserpt898@test.com
testuserpt899,Test@1234,Testpt899,Userpt899,testuserpt899@test.com
testuserpt900,Test@1234,Testpt900,Userpt900,testuserpt900@test.com
testuserpt901,Test@1234,Testpt901,Userpt901,testuserpt901@test.com
testuserpt902,Test@1234,Testpt902,Userpt902,testuserpt902@test.com
testuserpt903,Test@1234,Testpt903,Userpt903,testuserpt903@test.com
testuserpt904,Test@1234,Testpt904,Userpt904,testuserpt904@test.com
testuserpt905,Test@1234,Testpt905,Userpt905,testuserpt905@test.com
testuserpt906,Test@1234,Testpt906,Userpt906,testuserpt906@test.com
testuserpt907,Test@1234,Testpt907,Userpt907,testuserpt907@test.com
testuserpt908,Test@1234,Testpt908,Userpt908,testuserpt908@test.com
testuserpt909,Test@1234,Testpt909,Userpt909,testuserpt909@test.com
testuserpt910,Test@1234,Testpt910,Userpt910,testuserpt910@test.com
testuserpt911,Test@1234,Testpt911,Userpt911,testuserpt911@test.com
testuserpt912,Test@1234,Testpt912,Userpt912,testuserpt912@test.com
testuserpt913,Test@1234,Testpt913,Userpt913,testuserpt913@test.com
testuserpt914,Test@1234,Testpt914,Userpt914,testuserpt914@test.com
testuserpt915,Test@1234,Testpt915,Userpt915,testuserpt915@test.com
testuserpt916,Test@1234,Testpt916,Userpt916,testuserpt916@test.com
testuserpt917,Test@1234,Testpt917,Userpt917,testuserpt917@test.com
testuserpt918,Test@1234,Testpt918,Userpt918,testuserpt918@test.com
testuserpt919,Test@1234,Testpt919,Userpt919,testuserpt919@test.com
testuserpt920,Test@1234,Testpt920,Userpt920,testuserpt920@test.com
testuserpt921,Test@1234,Testpt921,Userpt921,testuserpt921@test.com
testuserpt922,Test@1234,Testpt922,Userpt922,testuserpt922@test.com
testuserpt923,Test@1234,Testpt923,Userpt923,testuserpt923@test.com
testuserpt924,Test@1234,Testpt924,Userpt924,testuserpt924@test.com
testuserpt925,Test@1234,Testpt925,Userpt925,testuserpt925@test.com
testuserpt926,Test@1234,Testpt926,Userpt926,testuserpt926@test.com
testuserpt927,Test@1234,Testpt927,Userpt927,testuserpt927@test.com
testuserpt928,Test@1234,Testpt928,Userpt928,testuserpt928@test.com
testuserpt929,Test@1234,Testpt929,Userpt929,testuserpt929@test.com
testuserpt930,Test@1234,Testpt930,Userpt930,testuserpt930@test.com
testuserpt931,Test@1234,Testpt931,Userpt931,testuserpt931@test.com
testuserpt932,Test@1234,Testpt932,Userpt932,testuserpt932@test.com
testuserpt933,Test@1234,Testpt933,Userpt933,testuserpt933@test.com
testuserpt934,Test@1234,Testpt934,Userpt934,testuserpt934@test.com
testuserpt935,Test@1234,Testpt935,Userpt935,testuserpt935@test.com
testuserpt936,Test@1234,Testpt936,Userpt936,testuserpt936@test.com
testuserpt937,Test@1234,Testpt937,Userpt937,testuserpt937@test.com
testuserpt938,Test@1234,Testpt938,Userpt938,testuserpt938@test.com
testuserpt939,Test@1234,Testpt939,Userpt939,testuserpt939@test.com
testuserpt940,Test@1234,Testpt940,Userpt940,testuserpt940@test.com
testuserpt941,Test@1234,Testpt941,Userpt941,testuserpt941@test.com
testuserpt942,Test@1234,Testpt942,Userpt942,testuserpt942@test.com
testuserpt943,Test@1234,Testpt943,Userpt943,testuserpt943@test.com
testuserpt944,Test@1234,Testpt944,Userpt944,testuserpt944@test.com
testuserpt945,Test@1234,Testpt945,Userpt945,testuserpt945@test.com
testuserpt946,Test@1234,Testpt946,Userpt946,testuserpt946@test.com
testuserpt947,Test@1234,Testpt947,Userpt947,testuserpt947@test.com
testuserpt948,Test@1234,Testpt948,Userpt948,testuserpt948@test.com
testuserpt949,Test@1234,Testpt949,Userpt949,testuserpt949@test.com
testuserpt950,Test@1234,Testpt950,Userpt950,testuserpt950@test.com
testuserpt951,Test@1234,Testpt951,Userpt951,testuserpt951@test.com
testuserpt952,Test@1234,Testpt952,Userpt952,testuserpt952@test.com
testuserpt953,Test@1234,Testpt953,Userpt953,testuserpt953@test.com
testuserpt954,Test@1234,Testpt954,Userpt954,testuserpt954@test.com
testuserpt955,Test@1234,Testpt955,Userpt955,testuserpt955@test.com
testuserpt956,Test@1234,Testpt956,Userpt956,testuserpt956@test.com
testuserpt957,Test@1234,Testpt957,Userpt957,testuserpt957@test.com
testuserpt958,Test@1234,Testpt958,Userpt958,testuserpt958@test.com
testuserpt959,Test@1234,Testpt959,Userpt959,testuserpt959@test.com
testuserpt960,Test@1234,Testpt960,Userpt960,testuserpt960@test.com
testuserpt961,Test@1234,Testpt961,Userpt961,testuserpt961@test.com
testuserpt962,Test@1234,Testpt962,Userpt962,testuserpt962@test.com
testuserpt963,Test@1234,Testpt963,Userpt963,testuserpt963@test.com
testuserpt964,Test@1234,Testpt964,Userpt964,testuserpt964@test.com
testuserpt965,Test@1234,Testpt965,Userpt965,testuserpt965@test.com
testuserpt966,Test@1234,Testpt966,Userpt966,testuserpt966@test.com
testuserpt967,Test@1234,Testpt967,Userpt967,testuserpt967@test.com
testuserpt968,Test@1234,Testpt968,Userpt968,testuserpt968@test.com
testuserpt969,Test@1234,Testpt969,Userpt969,testuserpt969@test.com
testuserpt970,Test@1234,Testpt970,Userpt970,testuserpt970@test.com
testuserpt971,Test@1234,Testpt971,Userpt971,testuserpt971@test.com
testuserpt972,Test@1234,Testpt972,Userpt972,testuserpt972@test.com
testuserpt973,Test@1234,Testpt973,Userpt973,testuserpt973@test.com
testuserpt974,Test@1234,Testpt974,Userpt974,testuserpt974@test.com
testuserpt975,Test@1234,Testpt975,Userpt975,testuserpt975@test.com
testuserpt976,Test@1234,Testpt976,Userpt976,testuserpt976@test.com
testuserpt977,Test@1234,Testpt977,Userpt977,testuserpt977@test.com
testuserpt978,Test@1234,Testpt978,Userpt978,testuserpt978@test.com
testuserpt979,Test@1234,Testpt979,Userpt979,testuserpt979@test.com
testuserpt980,Test@1234,Testpt980,Userpt980,testuserpt980@test.com
testuserpt981,Test@1234,Testpt981,Userpt981,testuserpt981@test.com
testuserpt982,Test@1234,Testpt982,Userpt982,testuserpt982@test.com
testuserpt983,Test@1234,Testpt983,Userpt983,testuserpt983@test.com
testuserpt984,Test@1234,Testpt984,Userpt984,testuserpt984@test.com
testuserpt985,Test@1234,Testpt985,Userpt985,testuserpt985@test.com
testuserpt986,Test@1234,Testpt986,Userpt986,testuserpt986@test.com
testuserpt987,Test@1234,Testpt987,Userpt987,testuserpt987@test.com
testuserpt988,Test@1234,Testpt988,Userpt988,testuserpt988@test.com
testuserpt989,Test@1234,Testpt989,Userpt989,testuserpt989@test.com
testuserpt990,Test@1234,Testpt990,Userpt990,testuserpt990@test.com
testuserpt991,Test@1234,Testpt991,Userpt991,testuserpt991@test.com
testuserpt992,Test@1234,Testpt992,Userpt992,testuserpt992@test.com
testuserpt993,Test@1234,Testpt993,Userpt993,testuserpt993@test.com
testuserpt994,Test@1234,Testpt994,Userpt994,testuserpt994@test.com
testuserpt995,Test@1234,Testpt995,Userpt995,testuserpt995@test.com
testuserpt996,Test@1234,Testpt996,Userpt996,testuserpt996@test.com
testuserpt997,Test@1234,Testpt997,Userpt997,testuserpt997@test.com
testuserpt998,Test@1234,Testpt998,Userpt998,testuserpt998@test.com
